<?xml version="1.0" encoding="UTF-8"?>
<!DOCTYPE mapper PUBLIC "-//mybatis.org//DTD Mapper 3.0//EN" "http://mybatis.org/dtd/mybatis-3-mapper.dtd">
<mapper namespace="com.sinosoft.service.business.db.dao.LaqualiinfoDao">
	<resultMap id="BaseResultMap" type="com.sinosoft.service.business.db.vo.LaqualiinfoVo">
	<id column="qualifitypecode" jdbcType="VARCHAR" property="qualifitypecode" />
	<id column="qualifitype" jdbcType="VARCHAR" property="qualifitype" />
    <result column="certificate" jdbcType="VARCHAR" property="certificate" />
    <result column="certificateCode" jdbcType="VARCHAR" property="certificateCode" />
    <result column="flag" jdbcType="VARCHAR" property="flag" />
    <result column="makedate" jdbcType="TIMESTAMP" property="makedate" />
    <result column="maketime" jdbcType="VARCHAR" property="maketime" />
    <result column="modifydate" jdbcType="TIMESTAMP" property="modifydate" />
    <result column="modifytime" jdbcType="VARCHAR" property="modifytime" />
    <result column="type" jdbcType="VARCHAR" property="type" />
  </resultMap>
  
  
  <sql id="Base_Column_List">
    qualifitype,certificate,certificateCode,flag,makedate,maketime,modifydate,modifytime,type
  </sql>
  
    <!-- 查询laqualiinfo -->
 <select id="selectLdcartificateByQualifiTypeCode" parameterType="String" resultType="com.sinosoft.service.business.db.vo.laqualidetailsVo">   
select l.staffid, l.licensescode, l.issuedate, l.expireddate expirationdate,i.certificate licensesCertificationsDescr
  from laqualiinfo i  
  left join ldcartificateall l on i.certificatecode=l.licensescode and upper(qualifitypecode) =
  upper(#{qualifitypecode,jdbcType=VARCHAR}) 
 where l.staffid =#{staffid,jdbcType=VARCHAR}   
 </select>
 
     <!-- 查询laqualiinfoA -->
 <select id="selectLdcartificateByQualifiTypeCodeA" parameterType="String" resultType="com.sinosoft.service.business.db.vo.laqualidetailsVo">
select l.staffid, l.licensescode, l.issuedate, l.expireddate expirationdate,i.certificate licensesCertificationsDescr
  from laqualiinfoa i  
  left join ldcartificateall l on i.certificatecode=l.licensescode and upper(qualifitypecode) =
  upper(#{qualifitypecode,jdbcType=VARCHAR}) 
 where l.staffid =#{staffid,jdbcType=VARCHAR} 
 </select>
  <select id="selectNotQualifiTypeCodeA" resultType="com.sinosoft.service.business.db.vo.laqualidetailsVo">   
     select dataall.staffid,o.certificatecode licensescode,dataall.issuedate,dataall.expirationdate,o.certificate licensesCertificationsDescr  from laqualiinfoa o 
  left join
 ( select s.staffid, s.licensescode, s.issuedate, s.expirationdate
    from laqualidetails s
   where s.staffid = #{staffid,jdbcType=VARCHAR}
    and upper(s.licensescode) in (select distinct upper(o.certificatecode) from laqualiinfoa o where o.qualifitypecode=#{qualifitypecode,jdbcType=VARCHAR} 
       <if test="AList != null and AList.size()>0 ">
   and o.certificatecode not in<foreach item="certificatecode" index="index" collection="AList"
          open="(" separator="," close=")"> #{certificatecode}</foreach>
    </if>)    
  union
  select p.userid  staffid,
         p.itemid  licensescode,
         p.pvcdate issuedate,
         p.pvcdate expirationdate
    from pvc p
   where p.userid =#{staffid,jdbcType=VARCHAR} and p.flag='Y'
   and upper(p.itemid) in (select distinct upper(o.certificatecode) from laqualiinfoa o where o.qualifitypecode=#{qualifitypecode,jdbcType=VARCHAR} 
   <if test="AList != null and AList.size()>0 ">
   and o.certificatecode not in<foreach item="certificatecode" index="index" collection="AList"
          open="(" separator="," close=")"> #{certificatecode}</foreach>
    </if>)
     union
     select h.staffid, h.licensescode, h.issuedate, h.expirationdate
    from ldhml h
   where h.staffid = #{staffid,jdbcType=VARCHAR}
    and upper(h.licensescode) in (select distinct upper(o.certificatecode) from laqualiinfoa o where o.qualifitypecode=#{qualifitypecode,jdbcType=VARCHAR} 
    <if test="AList != null and AList.size()>0 ">
   and o.certificatecode not in<foreach item="certificatecode" index="index" collection="AList"
          open="(" separator="," close=")"> #{certificatecode}</foreach>
    </if>)
    ) dataall  on dataall.licensescode=o.certificatecode     
    where  o.qualifitypecode=#{qualifitypecode,jdbcType=VARCHAR}     
    <if test="AList != null and AList.size()>0 ">
    and o.certificatecode  not in<foreach item="certificatecode" index="index" collection="AList"
          open="(" separator="," close=")"> #{certificatecode}</foreach>
    </if>
  </select>


  <select id="selectNotQualifiTypeCode" resultType="com.sinosoft.service.business.db.vo.laqualidetailsVo">   
     select dataall.staffid,o.certificatecode licensescode,dataall.issuedate,dataall.expirationdate,o.certificate licensesCertificationsDescr  from laqualiinfo o 
  left join
 ( select s.staffid, s.licensescode, s.issuedate, s.expirationdate
    from laqualidetails s
   where s.staffid = #{staffid,jdbcType=VARCHAR}
    and upper(s.licensescode) in (select distinct upper(o.certificatecode) from laqualiinfo o where o.qualifitypecode=#{qualifitypecode,jdbcType=VARCHAR} 
   <if test="AList != null and AList.size()>0 ">
   and o.certificatecode not in<foreach item="certificatecode" index="index" collection="AList"
          open="(" separator="," close=")"> #{certificatecode}</foreach>
    </if>)    
  union
  select p.userid  staffid,
         p.itemid  licensescode,
         p.pvcdate issuedate,
         p.pvcdate expirationdate
    from pvc p
   where p.userid =#{staffid,jdbcType=VARCHAR} and p.flag='Y'
   and upper(p.itemid) in (select distinct upper(o.certificatecode) from laqualiinfo o where o.qualifitypecode=#{qualifitypecode,jdbcType=VARCHAR} 
   <if test="AList != null and AList.size()>0 ">
   and o.certificatecode not in<foreach item="certificatecode" index="index" collection="AList"
          open="(" separator="," close=")"> #{certificatecode}</foreach>
    </if>)
     union
     select h.staffid, h.licensescode, h.issuedate, h.expirationdate
    from ldhml h
   where h.staffid = #{staffid,jdbcType=VARCHAR}
    and upper(h.licensescode) in (select distinct upper(o.certificatecode) from laqualiinfo o where o.qualifitypecode=#{qualifitypecode,jdbcType=VARCHAR} 
  <if test="AList != null and AList.size()>0 ">
   and o.certificatecode not in<foreach item="certificatecode" index="index" collection="AList"
          open="(" separator="," close=")"> #{certificatecode}</foreach>
    </if>)
    ) dataall  on dataall.licensescode=o.certificatecode     
    where  o.qualifitypecode=#{qualifitypecode,jdbcType=VARCHAR}     
    <if test="AList != null and AList.size()>0 ">
    and o.certificatecode  not in
	<foreach item="certificatecode" index="index" collection="AList"
          open="(" separator="," close=")"> #{certificatecode}</foreach>
    </if>
  </select>

  <select id="selectByQualifiTypeCodeA" resultType="com.sinosoft.service.business.db.vo.laqualidetailsVo"> 
   select dataall.*,o.certificate licensesCertificationsDescr from laqualiinfoa o 
  left join
 ( select s.staffid, s.licensescode, s.issuedate, s.expirationdate
    from laqualidetails s
   where s.staffid = #{staffid,jdbcType=VARCHAR}
    and upper(s.licensescode) in upper<foreach item="certificatecode" index="index" collection="AList"
          open="(" separator="," close=")"> #{certificatecode}</foreach>    

  union
  select p.userid  staffid,
         p.itemid  licensescode,
         p.pvcdate issuedate,
         p.pvcdate expirationdate
    from pvc p
   where p.userid =#{staffid,jdbcType=VARCHAR} and p.flag='Y'
   and upper(p.itemid) in upper<foreach item="certificatecode" index="index" collection="AList"
          open="(" separator="," close=")"> #{certificatecode}</foreach>
     union
     select h.staffid, h.licensescode, h.issuedate, h.expirationdate
    from ldhml h
   where h.staffid = #{staffid,jdbcType=VARCHAR}
    and upper(h.licensescode) in upper<foreach item="certificatecode" index="index" collection="AList"
          open="(" separator="," close=")"> #{certificatecode}</foreach>
    ) dataall  on dataall.licensescode=o.certificatecode     
    where  o.qualifitypecode=#{qualifitypecode,jdbcType=VARCHAR} and dataall.staffid is not null
  </select>

  <select id="selectByQualifiTypeCode" resultType="com.sinosoft.service.business.db.vo.laqualidetailsVo"> 
   select dataall.*,o.certificate licensesCertificationsDescr from laqualiinfo o 
  left join
 ( select s.staffid, s.licensescode, s.issuedate, s.expirationdate
    from laqualidetails s
   where s.staffid = #{staffid,jdbcType=VARCHAR}
    and upper(s.licensescode) in upper<foreach item="certificatecode" index="index" collection="AList"
          open="(" separator="," close=")"> #{certificatecode}</foreach>    

  union
  select p.userid  staffid,
         p.itemid  licensescode,
         p.pvcdate issuedate,
         p.pvcdate expirationdate
    from pvc p
   where p.userid =#{staffid,jdbcType=VARCHAR} and p.flag='Y'
   and upper(p.itemid) in upper<foreach item="certificatecode" index="index" collection="AList"
          open="(" separator="," close=")"> #{certificatecode}</foreach>
     union
     select h.staffid, h.licensescode, h.issuedate, h.expirationdate
    from ldhml h
   where h.staffid = #{staffid,jdbcType=VARCHAR}
    and upper(h.licensescode) in upper<foreach item="certificatecode" index="index" collection="AList"
          open="(" separator="," close=")"> #{certificatecode}</foreach>
    ) dataall  on dataall.licensescode=o.certificatecode     
    where  o.qualifitypecode=#{qualifitypecode,jdbcType=VARCHAR} and dataall.staffid is not null
  </select>
  
  
  
  <!-- 证书补充表rm证书为空时执行 -->
  <select id="selectByQualifiTypeCodeAll" resultType="com.sinosoft.service.business.db.vo.laqualidetailsVo" parameterType="String"> 
   select dataall.staffid,o.certificatecode licensescode,dataall.issuedate,dataall.expirationdate,o.certificate licensesCertificationsDescr from laqualiinfo o 
  left join
 ( select s.staffid, s.licensescode, s.issuedate, s.expirationdate
    from laqualidetails s
   where s.staffid = #{staffid,jdbcType=VARCHAR}
    and upper(s.licensescode) in (select distinct upper(certificatecode) from laqualiinfo where qualifitypecode=#{qualifitypecode,jdbcType=VARCHAR})    

  union
  select p.userid  staffid,
         p.itemid  licensescode,
         p.pvcdate issuedate,
         p.pvcdate expirationdate
    from pvc p
   where p.userid =#{staffid,jdbcType=VARCHAR} and p.flag='Y'
   and upper(p.itemid) in (select distinct upper(certificatecode) from laqualiinfo where qualifitypecode=#{qualifitypecode,jdbcType=VARCHAR})
     union
     select h.staffid, h.licensescode, h.issuedate, h.expirationdate
    from ldhml h
   where h.staffid = #{staffid,jdbcType=VARCHAR}
    and upper(h.licensescode) in (select distinct upper(certificatecode) from laqualiinfo where qualifitypecode=#{qualifitypecode,jdbcType=VARCHAR})
    ) dataall  on dataall.licensescode=o.certificatecode     
    where  o.qualifitypecode=#{qualifitypecode,jdbcType=VARCHAR} 
  </select>
  
  
  
  
    <!-- 证书补充表rm证书为空时执行 -->
  <select id="selectByQualifiTypeCodeAllA" resultType="com.sinosoft.service.business.db.vo.laqualidetailsVo" parameterType="String"> 
   select dataall.staffid,o.certificatecode licensescode,dataall.issuedate,dataall.expirationdate,o.certificate licensesCertificationsDescr from laqualiinfoa o 
  left join
 ( select s.staffid, s.licensescode, s.issuedate, s.expirationdate
    from laqualidetails s
   where s.staffid = #{staffid,jdbcType=VARCHAR}
    and upper(s.licensescode) in (select distinct upper(certificatecode) from laqualiinfoa where qualifitypecode=#{qualifitypecode,jdbcType=VARCHAR})    
  union
  select p.userid  staffid,
         p.itemid  licensescode,
         p.pvcdate issuedate,
         p.pvcdate expirationdate
    from pvc p
   where p.userid =#{staffid,jdbcType=VARCHAR} and p.flag='Y'
   and upper(p.itemid) in (select distinct upper(certificatecode) from laqualiinfoa where qualifitypecode=#{qualifitypecode,jdbcType=VARCHAR})
     union
     select h.staffid, h.licensescode, h.issuedate, h.expirationdate
    from ldhml h
   where h.staffid = #{staffid,jdbcType=VARCHAR}
    and upper(h.licensescode) in (select distinct upper(certificatecode) from laqualiinfoa where qualifitypecode=#{qualifitypecode,jdbcType=VARCHAR})
    ) dataall  on dataall.licensescode=o.certificatecode     
    where  o.qualifitypecode=#{qualifitypecode,jdbcType=VARCHAR} 
  </select>
  
  
  
  
  <!--  -->
    <!-- 查询父子类资质 -->
<select id="selecttypecode"  parameterType="String"  resultType="com.sinosoft.service.business.db.vo.LaqualiinfoVo">
select i.qualifitypecode,i.qualifitype,i.certificatecode,w.certificatename from laqualiinfo i
left join lanewqualiinfo w on i.certificatecode=w.certificatecode
 where qualifitypecode =#{qualifitypecode}
</select>


  <!-- 查询不显示的父类资质 -->
<select id="selectDataAllByNotCode"  parameterType="String"  resultType="com.sinosoft.service.business.db.vo.LaqualiinfoVo">
select distinct qualifitypecode,qualifitype  from laqualiinfo f where f.qualifitypecode not in(

select distinct qualifitypecode  from ( select * from laqualiinfo i where UPPER(i.salesrole1) like UPPER(concat('%',
concat((
select salesrole1
  from jobcode
 where UPPER(jobcode) like concat('%',
                           UPPER(concat((select substr(jobcode, 3)
                                    from lduser
                                   where emplid =#{staffid}),
                                  '%')))
   and rownum = 1
),'%'))) and type=#{type}
)al 
union
select distinct qualifitypecode from ( select * from laqualiinfo i where UPPER(i.salesrole2) like UPPER(concat('%',
concat((
select salesrole2
  from jobcode
 where UPPER(jobcode) like concat('%',
                           UPPER(concat((select substr(jobcode, 3)
                                    from lduser
                                   where emplid =#{staffid}),
                                  '%')))
   and rownum = 1
),'%'))) and type=#{type}
)al  ) and type=#{type}
</select>
  <!-- 查询显示的父类资质 -->
<select id="selectDataAllBytypesalesrole2"  parameterType="String"  resultType="com.sinosoft.service.business.db.vo.LaqualiinfoVo">
select distinct qualifitypecode,qualifitype  from ( select * from laqualiinfo i where UPPER(i.salesrole1) like UPPER(concat('%',
concat((
select salesrole1
  from jobcode
 where UPPER(jobcode) like concat('%',
                           UPPER(concat((select substr(jobcode, 3)
                                    from lduser
                                   where emplid =#{staffid}),
                                  '%')))
   and rownum = 1
),'%'))) and type=#{type}
)al 
union
select distinct qualifitypecode,qualifitype from ( select * from laqualiinfo i where UPPER(i.salesrole2) like UPPER(concat('%',
concat((
select salesrole2
  from jobcode
 where UPPER(jobcode) like concat('%',
                           UPPER(concat((select substr(jobcode, 3)
                                    from lduser
                                   where emplid =#{staffid}),
                                  '%')))
   and rownum = 1
),'%'))) and type=#{type}
)al
</select>

<!-- 查询显示的父类资质 -->
<select id="selectDataAllBytypesalesrole1"  parameterType="String"  resultType="com.sinosoft.service.business.db.vo.LaqualiinfoVo">
select qualifitypecode,count(al.qualifitypecode) count from ( select * from laqualiinfo i where UPPER(i.salesrole1) like UPPER(concat('%',
concat((
select salesrole1
  from jobcode
 where UPPER(jobcode) like concat('%',
                           UPPER(concat((select substr(jobcode, 3)
                                    from lduser
                                   where emplid =#{staffid}),
                                  '%')))
   and rownum = 1
),'%'))) and type=#{type}
)al  group by al.qualifitypecode
</select>

<select id="selectNot" resultType="com.sinosoft.service.business.db.vo.LaqualiinfoVo">
   select distinct(qualifitypecode),qualifitype from laqualiinfo  where type=#{type} 
   <if test="AList != null and AList.size()>0 ">
         and qualifitypecode not  in 
         <foreach item="qualifitypecode" index="index" collection="AList"
          open="(" separator="," close=")"> #{qualifitypecode}</foreach>
    </if>
</select>

  <!-- 查询不显示的父类资质 -->
<select id="selectNotDataBytype"  parameterType="String"  resultType="com.sinosoft.service.business.db.vo.LaqualiinfoVo">
select   distinct qualifitypecode  from laqualiinfo where type=#{type} and not in( select * from laqualiinfo i where i.salesrole1 like concat('%',
concat((
select salesrole1
  from jobcode
 where jobcode like concat('%',
                           concat((select substr(jobcode, 3)
                                    from lduser
                                   where emplid =#{emplid}),
                                  '%'))
   and rownum = 1
),'%'))union


select * from laqualiinfo i where i.salesrole2 like concat('%',
concat((
select salesrole2
  from jobcode
 where jobcode like concat('%',
                           concat((select substr(jobcode, 3)
                                    from lduser
                                   where emplid =#{emplid}),
                                  '%'))
   and rownum = 1
),'%')) and type=#{type})
</select>
  
  
   <select id="distinctAllEmplid" resultType="com.sinosoft.service.business.db.vo.SYSUserVo" parameterType="com.sinosoft.service.business.db.vo.SYSUserVo"> 
  select distinct(emplID) from lduser where flag !='PB'
   </select>
  
  <select id="selcode" parameterType="com.sinosoft.service.business.db.vo.LaqualiinfoVo"  resultType="com.sinosoft.service.business.db.vo.CartificateallVo">
            select l.staffid,l.issuedate,l.licensescode,(select distinct n.certificatename from lanewqualiinfo n where n.certificatecode=l.licensescode and rownum=1)as certificatename,(select f.certificate from laqualiinfo f where f.qualifitypecode = #{qualifitypecode} and f.certificatecode=l.licensescode ) as licensescertificationsdescr from ldcartificateall l where l.licensescode in( select distinct i.certificatecode
         from laqualiinfo i
         where i.qualifitypecode = #{qualifitypecode}) and staffid=#{staffid}
         
  </select>
   <select id="selcodeA" parameterType="com.sinosoft.service.business.db.vo.LaqualiinfoVo"  resultType="com.sinosoft.service.business.db.vo.CartificateallVo">
            select l.staffid,l.issuedate,l.licensescode,(select distinct n.certificatename from lanewqualiinfo n where n.certificatecode=l.licensescode and rownum=1)as certificatename,(select f.certificate from laqualiinfoa f where f.qualifitypecode = #{qualifitypecode} and f.certificatecode=l.licensescode ) as licensescertificationsdescr from ldcartificateall l where l.licensescode in( select distinct i.certificatecode
         from laqualiinfoa i
         where i.qualifitypecode = #{qualifitypecode}) and staffid=#{staffid}
         
  </select>
  
  
  <select id="selNotcode"  parameterType="com.sinosoft.service.business.db.vo.LaqualiinfoVo"  resultType="com.sinosoft.service.business.db.vo.LaqualiinfoVo">
      select distinct i.certificatecode,i.certificate,
       (select distinct n.certificatename from lanewqualiinfo n where n.certificatecode=i.certificatecode and rownum=1)as certificatename
         from laqualiinfo i
         where i.qualifitypecode =#{qualifitypecode} and i.certificatecode not in(
         select c.licensescode from ldcartificateall c where staffid=#{staffid} and c.licensescode in(
		 select distinct i.certificatecode
         from laqualiinfo i
         where i.qualifitypecode =#{qualifitypecode})
         )
           
  </select>
  
    <select id="selNotcodeA"  parameterType="com.sinosoft.service.business.db.vo.LaqualiinfoVo"  resultType="com.sinosoft.service.business.db.vo.LaqualiinfoVo">
      select distinct i.certificatecode,i.certificate,
       (select distinct n.certificatename from lanewqualiinfo n where n.certificatecode=i.certificatecode and rownum=1)as certificatename
         from laqualiinfoa i
         where i.qualifitypecode =#{qualifitypecode} and i.certificatecode not in(
         select c.licensescode from ldcartificateall c where staffid=#{staffid} and c.licensescode in(
		 select distinct i.certificatecode
         from laqualiinfoa i
         where i.qualifitypecode =#{qualifitypecode})
         )
           
  </select>
  
  
  
   <select id="countNottype" resultType="com.sinosoft.service.business.db.vo.LaqualiinfoVo">
select distinct a.qualifitypecode,a.qualifitype from laqualiinfo a where a.qualifitypecode not in(
select distinct f.qualifitypecode from laqualiinfo f where f.qualifitypecode not in(
   select distinct a.qualifitypecode from laqualiinfo a where  a.certificatecode 
     not in <foreach item="certificatecode" index="index" collection="AList"
          open="(" separator="," close=")"> #{certificatecode}</foreach>
     ))
     union
     select distinct b.qualifitypecode,b.qualifitype from laqualiinfoa b where b.qualifitypecode not in(
     select distinct f.qualifitypecode from laqualiinfoa f where f.qualifitypecode not in(
   select distinct a.qualifitypecode from laqualiinfoa a where  a.certificatecode 
     not in <foreach item="certificatecode" index="index" collection="AList"
          open="(" separator="," close=")"> #{certificatecode}</foreach>
)
)

  </select>
  
     <select id="counttypeAll" resultType="com.sinosoft.service.business.db.vo.LaqualiinfoVo">
  select distinct a.qualifitypecode,a.qualifitype from laqualiinfo a where a.qualifitypecode  in(
select distinct f.qualifitypecode from laqualiinfo f where f.qualifitypecode not in(
   select distinct a.qualifitypecode from laqualiinfo a where  a.certificatecode 
     not in <foreach item="certificatecode" index="index" collection="AList"
          open="(" separator="," close=")"> #{certificatecode}</foreach>
     ))
     union
     select distinct b.qualifitypecode,b.qualifitype from laqualiinfoa b where b.qualifitypecode  in(
     select distinct f.qualifitypecode from laqualiinfoa f where f.qualifitypecode not in(
   select distinct a.qualifitypecode from laqualiinfoa a where  a.certificatecode 
     not in <foreach item="certificatecode" index="index" collection="AList"
          open="(" separator="," close=")"> #{certificatecode}</foreach>
)
)

  </select>
  
  
  <select id="counttype" resultType="com.sinosoft.service.business.db.vo.LaqualiinfoVo">
     select distinct a.qualifitypecode,a.qualifitype from laqualiinfo a where  a.certificatecode 
    not in
 	<foreach item="certificatecode" index="index" collection="AList"
          open="(" separator="," close=")"> #{certificatecode}</foreach>
  </select>
  <select id="counttypeA" resultType="com.sinosoft.service.business.db.vo.LaqualiinfoVo">
     select distinct a.qualifitypecode,a.qualifitype from laqualiinfoa a where  a.certificatecode 
    not in
 	<foreach item="certificatecode" index="index" collection="AList"
          open="(" separator="," close=")"> #{certificatecode}</foreach>
  </select>
  
   <select id="passtype" resultType="com.sinosoft.service.business.db.vo.LaqualiinfoVo">
    select distinct f.qualifitypecode,f.qualifitype from laqualiinfo f where f.qualifitypecode not in(
   select distinct a.qualifitypecode from laqualiinfo a where  a.certificatecode 
    not in
 	<foreach item="certificatecode" index="index" collection="AList"
          open="(" separator="," close=")"> #{certificatecode}</foreach>)
  </select>
  <select id="passtypeA" resultType="com.sinosoft.service.business.db.vo.LaqualiinfoVo">
    select distinct f.qualifitypecode,f.qualifitype from laqualiinfoa f where f.qualifitypecode not in(
   select distinct a.qualifitypecode from laqualiinfoa a where  a.certificatecode 
    not in
 	<foreach item="certificatecode" index="index" collection="AList"
          open="(" separator="," close=")"> #{certificatecode}</foreach>)
  </select>
   
  
  
  
  <select id="selectNew" parameterType="com.sinosoft.service.business.db.vo.LanewqualiinfoVo" resultType="com.sinosoft.service.business.db.vo.LanewqualiinfoVo">
  select * from lanewqualiinfo i where 1=1 
    <if test="certificateName != null and certificateName!=''">
         and i.certificatename  like CONCAT(CONCAT('%', #{certificateName}), '%')
    </if> 
     <if test="certificateCode != null and certificateCode!=''">
         and i.certificatecode=#{certificateCode}
    </if> 
  </select>
 
<select id="selectldcartificateall" parameterType="String" resultType="com.sinosoft.service.business.db.vo.CartificateallVo">
 select * from ldcartificateall where staffid=#{staffid}
  <if test="licensesCode != null and licensesCode!=''">
         and licensesCode=#{licensesCode}
    </if>
     order by issuedate desc
</select> 

<select id="selectlaqualidetails" parameterType="String" resultType="com.sinosoft.service.business.db.vo.laqualidetailsVo">
 select * from laqualidetails where staffid=#{staffid}
  <if test="licensesCode != null and licensesCode!=''">
         and licensesCode=#{licensesCode}
    </if>
     order by issuedate desc
</select> 
  
<select id="selectNewLaqualiinfo" parameterType="com.sinosoft.service.business.db.vo.LanewqualiinfoVo" resultType="com.sinosoft.service.business.db.vo.LanewqualiinfoVo">
 select * from lanewqualiinfo a where a.certificatecode in(select distinct i.certificatecode from laqualiinfo i where i.qualifitypecode=#{qualifitypecode})

</select>
<select id="selectNewLaqualiinfoA" parameterType="com.sinosoft.service.business.db.vo.LanewqualiinfoVo" resultType="com.sinosoft.service.business.db.vo.LanewqualiinfoVo">
 select * from lanewqualiinfo a where a.certificatecode in(select distinct i.certificatecode from laqualiinfoa i where i.qualifitypecode=#{qualifitypecode})
</select>
  
  
  
  
  
   <select id="selectPV" parameterType="String" resultType="com.sinosoft.service.business.db.vo.LanewqualiinfoVo">
select a.staffid ,count(a.itemid) pv from(
  select distinct userid staffid,itemid from ldelearning where userid=#{staffid} and itemid in
('RWMG2069A-001-XXCHN','RWMG2069A-002-XXCHN','RWMG2069A-003-XXCHN','RWMG2069E-001-XXCHN','RWMG2069E-002-XXCHN','RWMG2069E-003-XXCHN') 
 union
    select distinct staffid ,licensescode itemid from ldcartificateall where staffid=#{staffid} and licensescode in
('RWMG2069A-001-XXCHN','RWMG2069A-002-XXCHN','RWMG2069A-003-XXCHN','RWMG2069E-001-XXCHN','RWMG2069E-002-XXCHN','RWMG2069E-003-XXCHN') 
order by staffid desc
  )a group by staffid
  </select>
 


   <select id="selectPVCDate" parameterType="String" resultType="com.sinosoft.service.business.db.vo.ElearningVo">
select a.staffid ,a.itemid,a.completiondate from(
  select distinct userid staffid,itemid,completiondate from ldelearning where userid=#{staffid} and itemid in
('RWMG2069A-001-XXCHN','RWMG2069A-002-XXCHN','RWMG2069A-003-XXCHN','RWMG2069E-001-XXCHN','RWMG2069E-002-XXCHN','RWMG2069E-003-XXCHN') 
 union
    select distinct staffid ,licensescode itemid,issuedate completiondate from ldcartificateall where staffid='43554291' and licensescode in
('RWMG2069A-001-XXCHN','RWMG2069A-002-XXCHN','RWMG2069A-003-XXCHN','RWMG2069E-001-XXCHN','RWMG2069E-002-XXCHN','RWMG2069E-003-XXCHN') 
order by staffid,completiondate desc
  )a 
  </select>
  
  <select id="selectCourse" parameterType="String" resultType="com.sinosoft.service.business.db.vo.CourseVo">
	select * from ldcourse c where c.coursetype
	in (
	select REGEXP_SUBSTR(a.certificatename,'[^.]+',1,3) from lanewqualiinfo a where a.certificatecode in(
	select distinct l.certificatecode  from laqualiinfo l ) and a.certificatename  like '%ldcourse.%'
	) and staffid=#{staffid} order by coursetype,completiondate desc
  </select>
  
   <select id="selectHml" parameterType="String" resultType="com.sinosoft.service.business.db.vo.HmlVo">
  	select * from ldhml h where UPPER(h.hmaccreditation)=UPPER('Y')  and  h.staffid=#{staffid} and rownum=1 order by staffid,hmleexam,roleplaycasestudy  
   </select>
   
     <select id="selectldamac" parameterType="String" resultType="com.sinosoft.service.business.db.vo.AmacVo">
  	select * from ldamac h where   h.staffid=#{staffid}  and rownum=1 order by staffid,credentialdate
   </select>
  
  <select  id="selectQuData" parameterType="String" resultMap="BaseResultMap">
  select distinct(qualifitypecode),qualifitype from laqualiinfo  where type=#{type} order by qualifitypecode,qualifitype
  </select>
  <select  id="selectQuDataA" resultMap="BaseResultMap">
  select distinct(qualifitypecode),qualifitype from laqualiinfoa order by qualifitypecode,qualifitype
  </select>
  
  
  <!-- type为4时特殊处理 不查询20H-->
  <select  id="selectNOtQuData" parameterType="String" resultMap="BaseResultMap">
  select distinct(qualifitypecode),qualifitype from laqualiinfo  where type=#{type} and qualifitypecode not in('YBT0016','YBT0018') order by qualifitypecode,qualifitype
  </select>
  
    <!-- type为4时特殊处理 只查询20H -->
  <select  id="selectQuDataAll" parameterType="String" resultMap="BaseResultMap">
  select distinct(qualifitypecode),qualifitype from laqualiinfo  where type=#{type} and qualifitypecode  in('YBT0016','YBT0018') order by qualifitypecode,qualifitype
  </select>
  
  
  <!-- 根据表格查询排序 -->
<select  id="selectDataBytype" resultMap="BaseResultMap" parameterType="String">
	select distinct(qualifitypecode),qualifitype,type from laqualiinfo  where type=#{type}
	union
	select distinct(qualifitypecode),qualifitype,type from laqualiinfoa  where type=#{type} order by qualifitypecode,qualifitype
</select>
 
  <select  id="selectByNotCodeType" resultMap="BaseResultMap">
   select distinct qualifitypecode,qualifitype from laqualiinfo i where 1=1
    <if test="AList != null and AList.size()>0 ">
         and i.qualifitypecode not  in 
         <foreach item="qualifitypecode" index="index" collection="AList"
          open="(" separator="," close=")"> #{qualifitypecode}</foreach>
    </if>
  </select> 
    <select  id="selectByNotCodeTypeA" resultMap="BaseResultMap">
   select distinct qualifitypecode,qualifitype from laqualiinfoa i where 1=1
    <if test="AList != null and AList.size()>0 ">
         and i.qualifitypecode not  in 
         <foreach item="qualifitypecode" index="index" collection="AList"
          open="(" separator="," close=")"> #{qualifitypecode}</foreach>
    </if>
  </select> 
  
  
  
   <select  id="selectByCodeType" resultMap="BaseResultMap">
   select * from laqualiinfo i where 1=1
    <if test="qualifitypecode != null and qualifitypecode!=''">
         and i.qualifitypecode=#{qualifitypecode}
    </if>
    <if test="AList != null and AList.size()>0 ">
         and i.certificatecode not  in 
         <foreach item="certificateCode" index="index" collection="AList"
          open="(" separator="," close=")"> #{certificateCode}</foreach>
    </if>
  </select>
  
  <select  id="selectByCodeTypeA" resultMap="BaseResultMap">
   select * from laqualiinfoa i where 1=1
    <if test="qualifitypecode != null and qualifitypecode!=''">
         and i.qualifitypecode=#{qualifitypecode}
    </if> 
    <if test="AList != null and AList.size()>0 ">
         and i.certificatecode not  in 
         <foreach item="certificateCode" index="index" collection="AList"
          open="(" separator="," close=")"> #{certificateCode}</foreach>
    </if>
  </select>
   <select  id="selectByCodeTypeB" resultMap="BaseResultMap">
   select * from laqualiinfob i where 1=1
    <if test="qualifitypecode != null and qualifitypecode!=''">
         and i.qualifitypecode=#{qualifitypecode}
    </if> 
    <if test="AList != null and AList.size()>0 ">
         and i.certificatecode not  in 
         <foreach item="certificateCode" index="index" collection="AList"
          open="(" separator="," close=")"> #{certificateCode}</foreach>
    </if>
  </select>
  

  
  <select id="selectldcourse" parameterType="String" resultType="com.sinosoft.service.business.db.vo.CourseVo">
  select * from ldcourse i where 1=1 
    <if test="staffid != null and staffid!=''">
         and i.staffid=#{staffid}
    </if> 
     <if test="coursetype != null and coursetype!=''">
         and i.coursetype=#{coursetype}
    </if> 
    and rownum=1
    order by staffid,completiondate desc
  </select>
   <select id="selectldelearning" parameterType="String" resultType="com.sinosoft.service.business.db.vo.ElearningVo">
  select * from ldelearning i where 1=1 
    <if test="userid != null and userid!=''">
         and i.userid=#{userid}
    </if> 
     <if test="itemid != null and itemid!=''">
         and i.itemid=#{itemid}
    </if> 
    order by userid,completiondate desc
  </select>
  
  <select id="selectldhml" parameterType="String" resultType="com.sinosoft.service.business.db.vo.HmlVo">
 	 select * from ldhml i where 1=1 
    <if test="staffid != null and staffid!=''">
        and i.staffid=#{staffid}
    </if> 
        and UPPER(i.hmaccreditation)=UPPER('Y')
        and rownum=1 order by staffid,hmleexam,roleplaycasestudy  
  </select>
  
   <select id="selectldtrainingdata" parameterType="String" resultType="com.sinosoft.service.business.db.vo.TrainingVo">
 	 select * from ldtrainingdata i where 1=1 
    <if test="staffid != null and staffid!=''">
        and i.staffid=#{staffid}
    </if> 
    <if test="coursecode != null and coursecode!=''">
        and i.coursecode=#{coursecode}
    </if> 
        and rownum=1
    order by staffid,coursecode,startdate desc
  </select>
  
     <select id="selectldexam" parameterType="String" resultType="com.sinosoft.service.business.db.vo.ExamVo">
 	 select * from ldexam i where 1=1 
    <if test="staffid != null and staffid!=''">
        and i.staffid=#{staffid}
    </if> 
    <if test="examname != null and examname!=''">
        and i.examname=#{examname}
    </if>
    and rownum=1
    and UPPER(i.results)=UPPER('Passed') order by staffid,examname,testdate desc
  </select>
  
  
  
   <select id="selectDt" parameterType="String" resultType="String">
  select u.actnrsneffdt from lduser u where  emplid=#{emplid} and u.actnrsneffdt is not null
  </select>
  
  
  <select id="selectJobcode" parameterType="String" resultType="String">
  select j.salesrole2 from jobcode j where jobcode like  concat('%',concat((select substr(jobcode,3) from lduser where emplid=#{emplid}),'%')) and  rownum = 1
  </select>
  
  <select id="queryJobcodes" parameterType="String" resultType="com.sinosoft.service.business.db.vo.JobCodeVo">
  select *  from jobcode j where jobcode like  concat('%',concat((select substr(jobcode,3) from lduser where emplid=#{emplid}),'%')) and  rownum = 1
  </select>
  
  <select id="SelectByCodetypeAll"  resultMap="BaseResultMap">
	 select * from( select distinct qualifitypecode,qualifitype from laqualiinfo 
	 union
	 select  l.coursecode as qualifitypecode,l.coursetitle as qualifitype from ldtraining l) s order  by s.qualifitypecode  
  </select>
  <select id="selectTypeall"  resultMap="BaseResultMap" parameterType="String">
  select distinct i.qualifitypecode,i.qualifitype from laqualiinfo i where type=#{type} 
  </select>
  <select id="selectNonIssuedate" parameterType="String" resultType="Date">
  select issuedate from laqualidetails
  where staffid=#{staffid} and licensescode=#{certificateCode}  and rownum=1 order by issuedate desc  
  </select>
  
   <select id="selectHMLIssuedate" parameterType="String" resultType="Date">
  select issuedate from ldhml
  where staffid=#{staffid} and licensescode=#{certificateCode}  and rownum=1 order by issuedate desc  
  </select>
  
  <select id="selDateBycode" parameterType="String" resultType="Date">
   select issuedate from laqualidetails
  where staffid=#{staffid} and licensescode=#{licensescode}  and rownum=1 
  union
  select issuedate from ldcartificateall
  where staffid=#{staffid} and licensescode=#{licensescode} and rownum=1 order by issuedate desc  
  </select>
  <select id="selectldcartificateallIssuedate" parameterType="String" resultType="Date">
  select issuedate from ldcartificateall
  where staffid=#{staffid} and licensescode=#{certificateCode}  and rownum=1 order by issuedate desc  
  </select>
   <select id="selectByemplID" parameterType="com.sinosoft.service.business.db.vo.SYSUserVo" resultMap="BaseResultMap">
  	select i.qualifitype,i.qualifitypecode,count(i.qualifitypecode) as flag from laqualiinfo i where i.certificatecode in(select a.* from((select  a.certificatecode from laqualiinfo a where a.certificatecode in(select l.licensescode from laqualidetails l where l.staffid=#{staffid}))
union(select  a.certificatecode from laqualiinfo a where a.certificatecode  in(select l.licensescode from ldcartificateall l where l.staffid=#{staffid})
)union
                (select a.certificatecode
                   from laqualiinfo a
                  where a.certificatecode in
                        (select l.licensescode
                           from othertraining l
                          where l.staffid =#{staffid})
                          )
                          ) a) group by i.qualifitype,i.qualifitypecode  order by i.qualifitypecode
  </select>
  
  
  
  <select id="SelectQu" parameterType="com.sinosoft.service.business.db.vo.LaqualiinfoVo" resultMap="BaseResultMap">
  
 
select distinct i.certificatecode,i.certificate,i.qualifitypecode,i.qualifitype from laqualiinfo i 
where 
       i.qualifitypecode in(#{qualifitypecode}) 
and i.certificatecode  in(
select distinct (i.certificatecode)
  from laqualiinfo i
 where i.qualifitypecode in
       (#{qualifitypecode})
   and i.certificatecode  in
       (select i.certificatecode
          from laqualiinfo i
         where i.certificatecode in
               (select a.*
                  from ((select a.certificatecode
                           from laqualiinfo a
                          where a.certificatecode in
                                (select l.licensescode
                                   from laqualidetails l
                                  where l.staffid =#{staffid})) union
                        (select a.certificatecode
                           from laqualiinfo a
                          where a.certificatecode in
                                (select t.coursecode
                                   from latraining t
                                  where t.staffid =#{staffid}))
                      union
                        (select a.certificatecode
                           from laqualiinfo a
                          where a.certificatecode in
                                (select t.licensescode
                                   from externalgifts t
                                  where t.staffid =#{staffid}))
                                  union
                        (select a.certificatecode
                           from laqualiinfo a
                          where a.certificatecode in
                                (select t.licensescode
                                   from othertraining t
                                  where t.staffid =#{staffid}))
                                  
                                  ) a)))
  
  
  </select>
  
  
    
  <select id="SelectQuA" parameterType="com.sinosoft.service.business.db.vo.LaqualiinfoVo" resultMap="BaseResultMap">
   
 
select distinct i.certificatecode,i.certificate,i.qualifitypecode,i.qualifitype from laqualiinfoa i 
where 
       i.qualifitypecode in(#{qualifitypecode}) 
and i.certificatecode  in(
select distinct (i.certificatecode)
  from laqualiinfoa i
 where i.qualifitypecode in
       (#{qualifitypecode})
   and i.certificatecode  in
       (select i.certificatecode
          from laqualiinfoa i
         where i.certificatecode in
               (select a.*
                  from ((select a.certificatecode
                           from laqualiinfoa a
                          where a.certificatecode in
                                (select l.licensescode
                                   from laqualidetails l
                                  where l.staffid =#{staffid})) union
                        (select a.certificatecode
                           from laqualiinfoa a
                          where a.certificatecode in
                                (select t.coursecode
                                   from latraining t
                                  where t.staffid =#{staffid}))
                      union
                        (select a.certificatecode
                           from laqualiinfoa a
                          where a.certificatecode in
                                (select t.licensescode
                                   from externalgifts t
                                  where t.staffid =#{staffid}))
                                  union
                        (select a.certificatecode
                           from laqualiinfoa a
                          where a.certificatecode in
                                (select t.licensescode
                                   from othertraining t
                                  where t.staffid =#{staffid}))
                                  
                                  ) a)))
  
  
  
  </select>
  
  <select id="SelectQuNot" parameterType="com.sinosoft.service.business.db.vo.LaqualiinfoVo" resultMap="BaseResultMap">
  
  
select distinct i.certificatecode,i.certificate,i.qualifitypecode,i.qualifitype from laqualiinfo i 
where 
       i.qualifitypecode in(#{qualifitypecode}) 
and i.certificatecode not in(
select distinct (i.certificatecode)
  from laqualiinfo i
 where i.qualifitypecode in
       (#{qualifitypecode})
   and i.certificatecode  in
       (select i.certificatecode
          from laqualiinfo i
         where i.certificatecode in
               (select a.*
                  from ((select a.certificatecode
                           from laqualiinfo a
                          where a.certificatecode in
                                (select l.licensescode
                                   from laqualidetails l
                                  where l.staffid =#{staffid})) union
                        (select a.certificatecode
                           from laqualiinfo a
                          where a.certificatecode in
                                (select t.coursecode
                                   from latraining t
                                  where t.staffid =#{staffid}))
                      union
                        (select a.certificatecode
                           from laqualiinfo a
                          where a.certificatecode in
                                (select t.licensescode
                                   from externalgifts t
                                  where t.staffid =#{staffid}))
                                  union
                        (select a.certificatecode
                           from laqualiinfo a
                          where a.certificatecode in
                                (select t.licensescode
                                   from othertraining t
                                  where t.staffid =#{staffid}))
                                  
                                  ) a)))
  
  
  </select>
  
  
  
  
  <select id="SelectQuNotA" parameterType="com.sinosoft.service.business.db.vo.LaqualiinfoVo" resultMap="BaseResultMap">
  
  
select distinct i.certificatecode,i.certificate,i.qualifitypecode,i.qualifitype from laqualiinfoa i 
where 
       i.qualifitypecode in(#{qualifitypecode}) 
and i.certificatecode not in(
select distinct (i.certificatecode)
  from laqualiinfoa i
 where i.qualifitypecode in
       (#{qualifitypecode})
   and i.certificatecode  in
       (select i.certificatecode
          from laqualiinfoa i
         where i.certificatecode in
               (select a.*
                  from ((select a.certificatecode
                           from laqualiinfoa a
                          where a.certificatecode in
                                (select l.licensescode
                                   from laqualidetails l
                                  where l.staffid =#{staffid})) union
                        (select a.certificatecode
                           from laqualiinfoa a
                          where a.certificatecode in
                                (select t.coursecode
                                   from latraining t
                                  where t.staffid =#{staffid}))
                      union
                        (select a.certificatecode
                           from laqualiinfoa a
                          where a.certificatecode in
                                (select t.licensescode
                                   from externalgifts t
                                  where t.staffid =#{staffid}))
                                  union
                        (select a.certificatecode
                           from laqualiinfoa a
                          where a.certificatecode in
                                (select t.licensescode
                                   from othertraining t
                                  where t.staffid =#{staffid}))
                                  
                                  ) a)))
  
  </select>
  
  
  
     <select id="selectByemplIDA" parameterType="com.sinosoft.service.business.db.vo.SYSUserVo" resultMap="BaseResultMap">
  	select i.qualifitype,i.qualifitypecode,count(i.qualifitypecode) as flag from laqualiinfoa i where i.certificatecode in(select a.* from((select  a.certificatecode from laqualiinfoa a where a.certificatecode in(select l.licensescode from laqualidetails l where l.staffid=#{staffid}))
union(select  a.certificatecode from laqualiinfoa a where a.certificatecode  in(select l.licensescode from externalgifts l where l.staffid=#{staffid})
)union
                (select a.certificatecode
                   from laqualiinfoa a
                  where a.certificatecode in
                        (select l.licensescode
                           from othertraining l
                          where l.staffid =#{staffid})
                          )
                          ) a) group by i.qualifitype,i.qualifitypecode  order by i.qualifitypecode
  </select>
  
  <select id="selectAllBean" parameterType="com.sinosoft.service.business.db.vo.LaqualiinfoVo" resultMap="BaseResultMap">
  	select
	<include refid="Base_Column_List" /> 
		from laqualiinfo
		where 1=1
		 <if test="qualifitype != null and qualifitype!=''">
         and qualifitype = #{qualifitype} 
         </if> 
         <if test="qualifitypecode != null and qualifitypecode!=''">
         and qualifitypecode = #{qualifitypecode} 
         </if> 
         <if test="certificateCode != null and certificateCode!=''">
         and certificateCode = #{certificateCode} 
         </if>
  </select>
  
    
  <select id="selectAllBeanA" parameterType="com.sinosoft.service.business.db.vo.LaqualiinfoVo" resultMap="BaseResultMap">
  	select * from laqualiinfoa
		where 1=1
		 <if test="qualifitype != null and qualifitype!=''">
         and qualifitype = #{qualifitype} 
         </if> 
         <if test="qualifitypecode != null and qualifitypecode!=''">
         and qualifitypecode = #{qualifitypecode} 
         </if> 
         <if test="certificateCode != null and certificateCode!=''">
         and certificateCode = #{certificateCode} 
         </if>
  </select>
  
  <select id="selectBytypeAndinfo" parameterType="com.sinosoft.service.business.db.vo.LaqualiinfoVo" resultType="java.lang.Integer">
        select count(*) from laqualiinfo where qualifitype=#{qualifitype} and certificate=#{certificate}
  </select>
  
   <select id="selectBytypeAndinfoAll" parameterType="com.sinosoft.service.business.db.vo.LaqualiinfoVo" resultMap="BaseResultMap">
        select <include refid="Base_Column_List" />  from laqualiinfo where qualifitype=#{qualifitype} and certificate=#{certificate}
  </select>
  <select id="selectDate" parameterType="com.sinosoft.service.business.db.vo.LaqualiinfoVo" resultType="com.sinosoft.service.business.ui.laqualification.bean.laqualificationBean">
  select a.issuedate as effectivedate from externalgifts a where a.staffid=#{staffid} and a.licensescode in(select l.certificatecode from laqualiinfoa l where l.qualifitypecode=#{qualifitypecode} ) 
union 
select a.issuedate as effectivedate from laqualidetails a where a.staffid=#{staffid} and a.licensescode in(select l.certificatecode from laqualiinfoa l where l.qualifitypecode=#{qualifitypecode} ) 
union 
select a.issuedate as effectivedate from othertraining a where a.staffid=#{staffid} and a.licensescode in(select l.certificatecode from laqualiinfoa l where l.qualifitypecode=#{qualifitypecode} ) 
union 
select a.issuedate as effectivedate from externalgifts a where a.staffid=#{staffid} and a.licensescode in(select l.certificatecode from laqualiinfo l where l.qualifitypecode=#{qualifitypecode} ) 
union 
select a.issuedate as effectivedate from laqualidetails a where a.staffid=#{staffid} and a.licensescode in(select l.certificatecode from laqualiinfo l where l.qualifitypecode=#{qualifitypecode} ) 
union 
select a.issuedate as effectivedate from othertraining a where a.staffid=#{staffid} and a.licensescode in(select l.certificatecode from laqualiinfo l where l.qualifitypecode=#{qualifitypecode} ) 
  
  </select>
  <select id="selectA" parameterType="com.sinosoft.service.business.db.vo.LaqualiinfoVo" resultMap="BaseResultMap">
       select *  from laqualiinfo where qualifitypecode=#{qualifitypecode}
  </select>
    <select id="selectsA" parameterType="com.sinosoft.service.business.db.vo.LaqualiinfoVo" resultMap="BaseResultMap">
       select *  from laqualiinfoa where qualifitypecode=#{qualifitypecode}
  </select>
  <select id="selectB" resultMap="BaseResultMap">
     <!--   select <include refid="Base_Column_List" />  from laqualiinfo where qualifitypecode=#{qualifitypecode} -->
      select i.qualifitype,i.qualifitypecode,count(i.qualifitypecode)as flag  from laqualiinfo i group by i.qualifitype,i.qualifitypecode  order by i.qualifitypecode
  </select>
    <select id="QueryA" resultMap="BaseResultMap">
     <!--   select <include refid="Base_Column_List" />  from laqualiinfo where qualifitypecode=#{qualifitypecode} -->
      select i.qualifitype,i.qualifitypecode,count(i.qualifitypecode)as flag  from laqualiinfoa i group by i.qualifitype,i.qualifitypecode  order by i.qualifitypecode
  </select>
  
    <select id="appendtype"  resultMap="BaseResultMap">
     select distinct(a.qualifitype),a.qualifitypecode,a.makedate from laqualiinfo a
       where a.qualifitype not in <foreach item="type" index="index" collection="array"
                open="(" separator="," close=")"> #{type}</foreach>
   </select>
  
  <select id="selectalls" resultMap="BaseResultMap">
       select distinct(qualifitype) from laqualiinfo
  </select>

 <select id="selectLaqualiinfoB" resultType="com.sinosoft.service.business.db.vo.LaqualiinfoVo">
select distinct l.qualifitypecode,l.qualifitype,l.certificate,l.certificatecode from laqualiinfob l
 </select>
   
   
    
     <select id="selectByNotcode" parameterType="com.sinosoft.service.business.db.vo.LaqualiinfoVo" resultMap="BaseResultMap">
   
    select *
      from laqualiinfo l
     where l.qualifitypecode in <foreach item="AList" index="index" collection="AList"
                open="(" separator="," close=")"> #{AList}
    </foreach> 
       and l.certificatecode not in
          <foreach item="BList" index="index" collection="BList"
                open="(" separator="," close=")"> #{BList}
    </foreach> 
    </select>
    
      <select id="selectByNotcodeA" parameterType="com.sinosoft.service.business.db.vo.LaqualiinfoVo" resultMap="BaseResultMap">
   
    select *
      from laqualiinfoa l
     where l.qualifitypecode in <foreach item="AList" index="index" collection="AList"
                open="(" separator="," close=")"> #{AList}
    </foreach> 
       and l.certificatecode not in
          <foreach item="BList" index="index" collection="BList"
                open="(" separator="," close=")"> #{BList}
    </foreach> 
    </select>
    
    
    
     <select id="selectByNottypecode" parameterType="com.sinosoft.service.business.db.vo.LaqualiinfoVo" resultMap="BaseResultMap">
   
    select distinct i.qualifitypecode,i.qualifitype
      from laqualiinfo i
     where 1=1
      <if test="AList != null and AList.size()>0 ">
       and i.qualifitypecode not in <foreach item="AList" index="index" collection="AList"
                open="(" separator="," close=")"> #{AList}
    </foreach> 
      </if>
     
    </select>

   
   <select id="selectByissuedate" parameterType="com.sinosoft.service.business.db.vo.LaqualiinfoVo" resultType="com.sinosoft.service.business.db.vo.laqualidetailsVo">
                                    
     select * from( 
     select a.issuedate from laqualidetails a where a.staffid=#{staffid} and a.licensescode=#{certificateCode}
     union
     select e.issuedate from externalgifts e where  e.staffid=#{staffid} and e.licensescode =#{certificateCode}
     union
     select o.issuedate from othertraining o where o.staffid=#{staffid}  and o.licensescode =#{certificateCode})s order by issuedate desc
         </select>
     
     <select id="QueryOtheringData" parameterType="com.sinosoft.service.business.db.vo.LaqualiinfoVo" resultType="com.sinosoft.service.business.db.vo.othertrainingVo">
       select * from othertraining e where e.staffid=#{staffid} and e.licensescode =#{certificateCode} order by issuedate desc
     
     </select>
     
     <select id="selectByemplidDate" parameterType="com.sinosoft.service.business.db.vo.laqualidetailsVo" resultType="com.sinosoft.service.business.ui.laqualidetails.bean.EffectiveDateBean">
      select * from effectivedate e  where  e.staffid=#{staffid} and e.qualifitypecode=#{licensesCode}
     </select>
   <select id="QueryCount" parameterType="com.sinosoft.service.business.db.vo.LaqualiinfoVo" resultType="com.sinosoft.service.business.db.vo.laqualidetailsVo">
  
  select distinct(s.licensescode),s.staffid,s.issuedate from  laqualidetails  s where   s.staffid=#{staffid} and s.licensescode in(select l.certificatecode from laqualiinfo l where l.qualifitype=#{qualifitype})
  union select distinct(e.licensescode),e.staffid,e.issuedate from externalgifts e where  e.staffid=#{staffid} and e.licensescode in(select l.certificatecode from laqualiinfo l where l.qualifitype=#{qualifitype})
             
     union
  select distinct (e.licensescode), e.staffid, e.issuedate
    from othertraining e
   where e.staffid = #{staffid}
     and e.licensescode in
         (select l.certificatecode
            from laqualiinfo l
           where l.qualifitype =#{qualifitype})   
  order by issuedate desc
   </select>
  
  <delete id="deleteBytypeAndinfo" parameterType="com.sinosoft.service.business.db.vo.LaqualiinfoVo">
   delete from  laqualiinfo where qualifitype=#{qualifitype} and certificate=#{certificate}
  </delete>
  
 
  


  	
  	<insert id="insert" parameterType="com.sinosoft.service.business.db.vo.LaqualiinfoVo">
   insert into laqualiinfo
  (qualifitypecode,qualifitype, certificate,certificateCode,flag, makedate, maketime,modifydate,modifytime,type)
    values (#{qualifitypecode,jdbcType=VARCHAR},#{qualifitype,jdbcType=VARCHAR}, #{certificate,jdbcType=VARCHAR},#{certificateCode,jdbcType=VARCHAR}, #{flag,jdbcType=VARCHAR},#{makedate,jdbcType=TIMESTAMP}, #{maketime,jdbcType=VARCHAR},#{modifydate,jdbcType=TIMESTAMP}, #{modifytime,jdbcType=VARCHAR}, #{type,jdbcType=VARCHAR})
  </insert>
	 
  <insert id="insertLanewqualiinfo" parameterType="com.sinosoft.service.business.db.vo.LanewqualiinfoVo">
   insert into lanewqualiinfo
  (certificateCode,certificateName)
    values (#{certificateCode,jdbcType=VARCHAR},#{certificateName,jdbcType=VARCHAR})
  </insert>



  
  <insert id="AddEffectiveDate" parameterType="com.sinosoft.service.business.ui.laqualidetails.bean.EffectiveDateBean">
  insert into effectivedate(staffid,qualifitypecode,effectivedate,status,makeDate)
   values(#{staffid,jdbcType=VARCHAR}, #{qualifitypecode,jdbcType=VARCHAR}, #{effectivedate,jdbcType=DATE}, #{status,jdbcType=VARCHAR}, #{makeDate,jdbcType=DATE})
  </insert>
	 
  <update id="updateeffstatus" parameterType="String">
    update effectivedate
    <set>
      <if test="status != null and status !=''">
        status= #{status,jdbcType=VARCHAR},
      </if>
      <if test="makeDate != null">
        makeDate= #{makeDate,jdbcType=DATE},
      </if>
     
     </set>
    where staffid=#{staffid,jdbcType=VARCHAR} and  qualifitypecode=#{qualifitypecode,jdbcType=VARCHAR}

  </update>	 
  <!-- 独立销售资质 -->
   <update id="updateeffstatusdate" parameterType="String">
    update effectivedate
    <set>
      <if test="effectivedate != null">
        effectivedate= #{effectivedate,jdbcType=DATE},
      </if>
      <if test="status != null and status !=''">
        status= #{status,jdbcType=VARCHAR},
      </if>
      <if test="makeDate != null">
        makeDate= #{makeDate,jdbcType=DATE},
      </if>
     
     </set>
    where staffid=#{staffid,jdbcType=VARCHAR} and  qualifitypecode=#{qualifitypecode,jdbcType=VARCHAR}

  </update>	 
	 
	 
	 
	 
	<update id="updateLaqualiinfoByQualifitype" parameterType="com.sinosoft.service.business.db.vo.LaqualiinfoVo">
    update laqualiinfo
    <set>
      <if test="certificate != null">
        certificate= #{certificate,jdbcType=VARCHAR},
      </if>
       <if test="flag != null">
        flag = #{flag,jdbcType=VARCHAR},
      </if>
      <if test="modifydate != null">
        modifydate= #{modifydate,jdbcType=TIMESTAMP},
      </if>
      <if test="modifytime != null">
        modifytime= #{modifytime,jdbcType=VARCHAR},
      </if>
      <if test="type != null">
        type= #{type,jdbcType=VARCHAR},
      </if>
     </set>
    where qualifitype=#{qualifitype,jdbcType=VARCHAR} and certificate=#{certificate,jdbcType=VARCHAR}

  </update>	 
	 
</mapper>