<?xml version="1.0" encoding="UTF-8"?>
<!DOCTYPE mapper PUBLIC "-//mybatis.org//DTD Mapper 3.0//EN" "http://mybatis.org/dtd/mybatis-3-mapper.dtd">
<mapper namespace="com.sinosoft.service.business.db.dao.laqualidetailsDao">
  <resultMap id="BaseResultMap" type="com.sinosoft.service.business.db.vo.laqualidetailsVo">
    <result column="staffid" jdbcType="VARCHAR" property="staffid" />
    <result column="licensesCode" jdbcType="VARCHAR" property="licensesCode" />
    <result column="licensesCertificationsDescr" jdbcType="VARCHAR" property="licensesCertificationsDescr" />
    <result column="issueDate" jdbcType="DATE" property="issueDate" />
     <result column="expirationDate" jdbcType="DATE" property="expirationDate" />
    <result column="licenseCertificationNo" jdbcType="VARCHAR" property="licenseCertificationNo" />
    <result column="issuedBy" jdbcType="VARCHAR" property="issuedBy" />
    <result column="verified" jdbcType="VARCHAR" property="verified" />
     <result column="renewal" jdbcType="VARCHAR" property="renewal" />
    <result column="country" jdbcType="VARCHAR" property="country" />
    <result column="states" jdbcType="VARCHAR" property="states" />
    <result column="checkflag" jdbcType="VARCHAR" property="checkflag" />
    <result column="makedate" jdbcType="DATE" property="makedate" />
    <result column="maketime" jdbcType="VARCHAR" property="maketime" />
    <result column="modifydate" jdbcType="DATE" property="modifydate" />
    <result column="modifytime" jdbcType="VARCHAR" property="modifytime" />
  </resultMap>  
  <sql id="Base_Column_List">
   staffid,licensesCode,licensesCertificationsDescr,issueDate,expirationDate,licenseCertificationNo,issuedBy,verified,renewal,country,states,makedate,maketime,modifydate,modifytime
  </sql>
  <insert id="insert" parameterType="com.sinosoft.service.business.db.vo.laqualidetailsVo">
    insert into laqualidetails (staffid,licensesCode,licensesCertificationsDescr,issueDate,expirationDate,licenseCertificationNo,
    issuedBy,verified,renewal,country,states,checkflag,makedate,maketime,modifydate,modifytime)
    values (#{staffid,jdbcType=VARCHAR}, #{licensesCode,jdbcType=VARCHAR}, #{licensesCertificationsDescr,jdbcType=VARCHAR}, #{issueDate,jdbcType=DATE},
    	    #{expirationDate,jdbcType=DATE}, #{licenseCertificationNo,jdbcType=VARCHAR}, 
     	    #{issuedBy,jdbcType=VARCHAR}, #{verified,jdbcType=VARCHAR}, #{renewal,jdbcType=VARCHAR},#{country,jdbcType=VARCHAR}, #{states,jdbcType=VARCHAR}, #{checkflag,jdbcType=VARCHAR},
     	    #{makedate,jdbcType=DATE}, #{maketime,jdbcType=VARCHAR}, 
     	    #{modifydate,jdbcType=DATE}, #{modifytime,jdbcType=VARCHAR})
  </insert>
  <select id="selectEff" resultType="com.sinosoft.service.business.ui.laqualidetails.bean.EffectiveDateBean">
 select * from effectivedate
  </select>
  
 <select id="selectByEffcode" parameterType="com.sinosoft.service.business.ui.laqualidetails.bean.EffectiveDateBean" resultType="com.sinosoft.service.business.ui.laqualidetails.bean.EffectiveDateBean">
 select * from effectivedate where staffid=#{staffid,jdbcType=VARCHAR} and qualifitypecode=#{qualifitypecode,jdbcType=VARCHAR}
  </select>
  
  
   <select id="selectByEffcodeTwo"  resultType="com.sinosoft.service.business.ui.laqualidetails.bean.EffectiveDateBean">
     select distinct e.staffid,e.qualifitypecode,e.effectivedate,e.status
                   from effectivedate e
                   where staffid = #{staffid,jdbcType=VARCHAR}  and upper(status)=upper('Y')
     <if test="AList != null">
          and qualifitypecode in<foreach item="qualifitypecode" index="index" collection="AList"
          open="(" separator="," close=")"> #{qualifitypecode}</foreach>
     </if>
     order by effectivedate desc
   </select>
  
  <insert id="insertEffectiveDate" parameterType="com.sinosoft.service.business.ui.laqualidetails.bean.EffectiveDateBean">
  insert into effectivedate(staffid,qualifitypecode,effectivedate)
   values(#{staffid,jdbcType=VARCHAR}, #{qualifitypecode,jdbcType=VARCHAR}, #{effectivedate,jdbcType=DATE})
  </insert>
    
  <insert id="insertEffectiveDateA" parameterType="com.sinosoft.service.business.ui.laqualidetails.bean.EffectiveDateBean">
  insert into effectivedatea(staffid,qualifitypecode,effectivedate)
   values(#{staffid,jdbcType=VARCHAR}, #{qualifitypecode,jdbcType=VARCHAR}, #{effectivedate,jdbcType=DATE})
  </insert>
  <delete id="deleteEffectiveDate">
	delete from effectivedate
  </delete>
    <delete id="deleteEffectiveDateA">
	delete from effectivedatea
  </delete>
  <select id="copylaqualidetails" resultMap="BaseResultMap">
  select * from laqualidetails
  </select>
  <select id="selectmaxid" resultType="java.lang.String">
   select max(fileid)+1 from detailall
  </select>
  <select id="querycount" resultType="com.sinosoft.service.business.db.vo.detailallVo" parameterType="java.lang.String">
  select * from detailall where flag='Y' and fileid=#{fileid}
  </select>
  <select id="selectByemplID" resultType="com.sinosoft.service.business.db.vo.SYSUserVo" parameterType="com.sinosoft.service.business.db.vo.SYSUserVo">
  
   	select emplID from lduser where 1=1
       <if test="emplID != null">
        and emplID = #{emplID,jdbcType=VARCHAR}
       </if>
  
  </select>
  <select id="selectBycode" parameterType="com.sinosoft.service.business.db.vo.laqualidetailsVo" resultType="com.sinosoft.service.business.db.vo.LaqualiinfoVo">
<!--   	select
	certificatecode
		from laqualiinfo
		where certificatecode = #{licensesCode}  -->
    select
	certificatecode
		from laqualiinfo
		where certificatecode = #{licensesCode}
    union
    select
	certificatecode
		from laqualiinfoa
		where certificatecode = #{licensesCode} 
    union
    select
	certificatecode
		from laqualiinfob
		where certificatecode = #{licensesCode} 
		
  </select>
  <insert id="insertA" parameterType="com.sinosoft.service.business.db.vo.laqualidetailsVo">
    insert into laqualidetailsa(staffid,licensesCode,licensesCertificationsDescr,issueDate,expirationDate,licenseCertificationNo,
    issuedBy,verified,renewal,country,states,checkflag,makedate,maketime,modifydate,modifytime)
    values (#{staffid,jdbcType=VARCHAR}, #{licensesCode,jdbcType=VARCHAR}, #{licensesCertificationsDescr,jdbcType=VARCHAR}, #{issueDate,jdbcType=DATE},
    	    #{expirationDate,jdbcType=DATE}, #{licenseCertificationNo,jdbcType=VARCHAR}, 
     	    #{issuedBy,jdbcType=VARCHAR}, #{verified,jdbcType=VARCHAR}, #{renewal,jdbcType=VARCHAR},#{country,jdbcType=VARCHAR}, #{states,jdbcType=VARCHAR}, #{checkflag,jdbcType=VARCHAR},
     	    #{makedate,jdbcType=DATE}, #{maketime,jdbcType=VARCHAR}, 
     	    #{modifydate,jdbcType=DATE}, #{modifytime,jdbcType=VARCHAR})
  </insert>
  <insert id="insertB" parameterType="com.sinosoft.service.business.db.vo.laqualidetailsVo">
    insert into laqualidetailsb(staffid,licensesCode,licensesCertificationsDescr,issueDate,expirationDate,licenseCertificationNo,
    issuedBy,verified,renewal,country,states,checkflag,makedate,maketime,modifydate,modifytime)
    values (#{staffid,jdbcType=VARCHAR}, #{licensesCode,jdbcType=VARCHAR}, #{licensesCertificationsDescr,jdbcType=VARCHAR}, #{issueDate,jdbcType=DATE},
    	    #{expirationDate,jdbcType=DATE}, #{licenseCertificationNo,jdbcType=VARCHAR}, 
     	    #{issuedBy,jdbcType=VARCHAR}, #{verified,jdbcType=VARCHAR}, #{renewal,jdbcType=VARCHAR},#{country,jdbcType=VARCHAR}, #{states,jdbcType=VARCHAR}, #{checkflag,jdbcType=VARCHAR},
     	    #{makedate,jdbcType=DATE}, #{maketime,jdbcType=VARCHAR}, 
     	    #{modifydate,jdbcType=DATE}, #{modifytime,jdbcType=VARCHAR})
  </insert>
    <insert id="insertdetailall" parameterType="com.sinosoft.service.business.db.vo.detailallVo">
	  insert into detailall(transno,staffid,flag,operator,descs,fileid,makedate,maketime) 
	  values(#{transno,jdbcType=VARCHAR},#{staffid,jdbcType=VARCHAR},#{flag,jdbcType=VARCHAR},
	  #{operator,jdbcType=VARCHAR},#{descs,jdbcType=VARCHAR},#{fileid,jdbcType=VARCHAR},#{makedate,jdbcType=TIMESTAMP},#{maketime,jdbcType=VARCHAR})
  </insert> 
    <insert id="insertrecordall" parameterType="com.sinosoft.service.business.db.vo.recordallVo">
	  insert into recordall(transno,fileid,filetype,counts,loser,succeed,operator,makedate,maketime) 
	  values(#{transno,jdbcType=VARCHAR},#{fileid,jdbcType=VARCHAR},#{filetype,jdbcType=VARCHAR},
	  #{counts,jdbcType=VARCHAR},#{loser,jdbcType=VARCHAR},#{succeed,jdbcType=VARCHAR},#{operator,jdbcType=VARCHAR},#{makedate,jdbcType=TIMESTAMP},#{maketime,jdbcType=VARCHAR})
  </insert>
  <select id="selectseq" resultType="java.lang.String">
  select  seq_detailall.nextval from dual
  </select>
  <insert id="inserte" parameterType="com.sinosoft.service.business.db.vo.externalgiftsVo">
    insert into externalgifts (staffid,licensesCode,licensesCertificationsDescr,issueDate,expirationDate,licenseCertificationNo,
    issuedBy,verified,renewal,country,states,checkflag,makedate,maketime,modifydate,modifytime)
    values (#{staffid,jdbcType=VARCHAR}, #{licensesCode,jdbcType=VARCHAR}, #{licensesCertificationsDescr,jdbcType=VARCHAR}, #{issueDate,jdbcType=DATE},
    	    #{expirationDate,jdbcType=DATE}, #{licenseCertificationNo,jdbcType=VARCHAR}, 
     	    #{issuedBy,jdbcType=VARCHAR}, #{verified,jdbcType=VARCHAR}, #{renewal,jdbcType=VARCHAR},#{country,jdbcType=VARCHAR}, #{states,jdbcType=VARCHAR}, #{checkflag,jdbcType=VARCHAR},
     	    #{makedate,jdbcType=DATE}, #{maketime,jdbcType=VARCHAR}, 
     	    #{modifydate,jdbcType=DATE}, #{modifytime,jdbcType=VARCHAR})
  </insert>
   <insert id="inserteA" parameterType="com.sinosoft.service.business.db.vo.externalgiftsVo">
    insert into externalgiftsa(staffid,licensesCode,licensesCertificationsDescr,issueDate,expirationDate,licenseCertificationNo,
    issuedBy,verified,renewal,country,states,checkflag,makedate,maketime,modifydate,modifytime)
    values (#{staffid,jdbcType=VARCHAR},#{licensesCode,jdbcType=VARCHAR}, #{licensesCertificationsDescr,jdbcType=VARCHAR}, #{issueDate,jdbcType=DATE},
    	    #{expirationDate,jdbcType=DATE}, #{licenseCertificationNo,jdbcType=VARCHAR}, 
     	    #{issuedBy,jdbcType=VARCHAR}, #{verified,jdbcType=VARCHAR}, #{renewal,jdbcType=VARCHAR},#{country,jdbcType=VARCHAR}, #{states,jdbcType=VARCHAR}, #{checkflag,jdbcType=VARCHAR},
     	    #{makedate,jdbcType=DATE}, #{maketime,jdbcType=VARCHAR}, 
     	    #{modifydate,jdbcType=DATE}, #{modifytime,jdbcType=VARCHAR})
  </insert>
  
  <insert id="inserteB" parameterType="com.sinosoft.service.business.db.vo.externalgiftsVo">
    insert into externalgiftsb (staffid,licensesCode,licensesCertificationsDescr,issueDate,expirationDate,licenseCertificationNo,
    issuedBy,verified,renewal,country,states,checkflag,makedate,maketime,modifydate,modifytime)
    values (#{staffid,jdbcType=VARCHAR}, #{licensesCode,jdbcType=VARCHAR}, #{licensesCertificationsDescr,jdbcType=VARCHAR}, #{issueDate,jdbcType=DATE},
    	    #{expirationDate,jdbcType=DATE}, #{licenseCertificationNo,jdbcType=VARCHAR}, 
     	    #{issuedBy,jdbcType=VARCHAR}, #{verified,jdbcType=VARCHAR}, #{renewal,jdbcType=VARCHAR},#{country,jdbcType=VARCHAR}, #{states,jdbcType=VARCHAR}, #{checkflag,jdbcType=VARCHAR},
     	    #{makedate,jdbcType=DATE}, #{maketime,jdbcType=VARCHAR}, 
     	    #{modifydate,jdbcType=DATE}, #{modifytime,jdbcType=VARCHAR})
  </insert>

<select id="selectAlls" resultMap="BaseResultMap">
select * from laqualidetailsa
</select >
<update id="updateCheck">
 update laqualidetails set checkflag='Y'
</update>
   <select id="QueryAlls" resultMap="BaseResultMap" parameterType="com.sinosoft.service.business.db.vo.laqualidetailsVo">
    select * from laqualidetailsa where 1=1 
    <if test="staffid != null">
         and staffid=#{staffid} 
    </if>
    <if test="checkflag != null">
       and checkflag=#{checkflag} 
    </if>
    union select * from externalgiftsa where 1=1 
     <if test="staffid != null">
         and staffid=#{staffid} 
    </if>
    <if test="checkflag != null">
       and checkflag=#{checkflag} 
    </if>
    <if test="licensesCode != null">
       and licensesCode=#{licensesCode}
    </if>
   </select>
   
   <select id="Querylaqualidetailsa" resultMap="BaseResultMap"  parameterType="com.sinosoft.service.business.db.vo.laqualidetailsVo">
   select * from laqualidetailsa where staffid=#{staffid} and licensesCode=#{licensesCode} 
   </select>
      <select id="Querylaqualidetails" resultMap="BaseResultMap"  parameterType="com.sinosoft.service.business.db.vo.laqualidetailsVo">
   select * from laqualidetails where staffid=#{staffid} and licensesCode=#{licensesCode} 
   </select>
   <select id="Queryexternalgiftsa" resultMap="BaseResultMap"  parameterType="com.sinosoft.service.business.db.vo.laqualidetailsVo">
   select * from externalgiftsa  where staffid=#{staffid} and licensesCode=#{licensesCode}
   </select>
   
   <delete id="deletethis">
   delete from laqualidetailsa
   </delete>
   
   
      
   <delete id="deleteData">
   delete from laqualidetails where staffid not in(select distinct(staffid) from lccourseuser)
   </delete>
   
   <delete id="deleteLaqualidetailsByCode" parameterType="com.sinosoft.service.business.db.vo.laqualidetailsVo">
   delete from laqualidetails  where staffid=#{staffid} and licensesCode=#{licensesCode}
   </delete>
   
   <delete id="deletelaqualidetails" parameterType="com.sinosoft.service.business.db.vo.laqualidetailsVo">
   delete from laqualidetails  where staffid=#{staffid} and licensesCode=#{licensesCode} and staffid not in(select distinct(staffid) from lccourseuser)
   </delete>
   <delete id="deleteexternalgifts" parameterType="com.sinosoft.service.business.db.vo.laqualidetailsVo">
   delete from externalgifts  where staffid=#{staffid} and licensesCode=#{licensesCode} and where staffid not in(select distinct(staffid) from lccourseuser)
   </delete> 
   
   
   <delete id="deletelaqualidetailsa" parameterType="com.sinosoft.service.business.db.vo.laqualidetailsVo">
   delete from laqualidetailsa  where staffid=#{staffid} and licensesCode=#{licensesCode}
   </delete>
   <delete id="deleteexternalgiftsa" parameterType="com.sinosoft.service.business.db.vo.laqualidetailsVo">
   delete from externalgiftsa  where staffid=#{staffid} and licensesCode=#{licensesCode}
   </delete>  
   
   
    <select id="QueryByqualifitype" resultMap="BaseResultMap"  parameterType="com.sinosoft.service.business.db.vo.SYSUserVo">
   select a.*
    from (select * from laqualidetails s
           where s.staffid 
           in (
           select a.emplid from ldusera a
           where 1=1 
        <if test="emplID != null">
        and emplID = #{emplID,jdbcType=VARCHAR}
       </if>
       <if test="city != null">
       <!--   and location  like concat(concat('%',${city}),'%')  -->
       </if>
       <if test="location != null">
        and location = #{location,jdbcType=VARCHAR}
       </if>
       <if test="companyName != null">
        and companyName = #{companyName,jdbcType=VARCHAR}
       </if>
       <if test="department != null">
        and department = #{department,jdbcType=VARCHAR}
       </if>
       )union 
       (select * from externalgifts e
              where e.staffid 
              in(
            select a.emplid from ldusera a
                         where 1=1
        <if test="emplID != null">
        and emplID = #{emplID,jdbcType=VARCHAR}
       </if>
       <if test="city != null">
       <!--   and location  like concat(concat('%',${city}),'%')  -->
       </if>
       <if test="location != null">
        and location = #{location,jdbcType=VARCHAR}
       </if>
       <if test="companyName != null">
        and companyName = #{companyName,jdbcType=VARCHAR}
       </if>
       <if test="department != null">
        and department = #{department,jdbcType=VARCHAR}
       </if>          
                         
                         ))) a

  
       
   </select>
  

<!--   <update id="update" parameterType="com.sinosoft.service.business.db.vo.laqualidetailssVo">
    update laqualidetails
    <set>

      <if test="getdate != null">
        GETDATE=#{getdate},
      </if>
      <if test="status != null">
        STATUS=#{status},
      </if>
      <if test="makedate != null">
        MAKEDATE={makedate},
      </if>
      <if test="maketime != null">
        MAKETIME=#{maketime},
      </if>
      <if test="modifydate != null">
        MODIFYDATE=#{modifydate},
      </if>
      <if test="modifytime != null">
        MODIFYTIME=#{modifytime},
      </if>
  
    </set>
    where STAFFID=#{staffid} and CERTIFICATE=#{certificate}
 </update> -->
 
 
  <update id="update" parameterType="com.sinosoft.service.business.db.vo.laqualidetailsVo">
    update laqualidetails
    <set>
      <if test="getdate != null">
        GETDATE = #{getdate,jdbcType=VARCHAR},
      </if>
      <if test="status != null">
        STATUS = #{status,jdbcType=VARCHAR},
      </if>
      <if test="makedate != null">
        MAKEDATE = #{makedate,jdbcType=DATE},
      </if>
      <if test="maketime != null">
        MAKETIME = #{maketime,jdbcType=VARCHAR},
      </if>
      <if test="modifydate != null">
        MODIFYDATE = #{modifydate,jdbcType=DATE},
      </if>
      <if test="modifytime != null">
        MODIFYTIME = #{modifytime,jdbcType=VARCHAR},
      </if>
    </set>
    where STAFFID = #{staffid,jdbcType=VARCHAR} and CERTIFICATE=#{certificate,jdbcType=VARCHAR}
  </update>
  
 
  
  <insert id="insertSelective" parameterType="com.sinosoft.service.business.db.vo.laqualidetailsVo">
    insert into laqualidetails
    <trim prefix="(" suffix=")" suffixOverrides=",">
      <if test="staffid != null">
        STAFFID,
      </if>
      <if test="certificate != null">
        CERTIFICATE,
      </if>
      <if test="getdate != null">
        GETDATE,
      </if>
      <if test="status != null">
        STATUS,
      </if>
      <if test="makedate != null">
        MAKEDATE,
      </if>
      <if test="maketime != null">
        MAKETIME,
      </if>
      <if test="modifydate != null">
        MODIFYDATE,
      </if>
      <if test="modifytime != null">
        MODIFYTIME,
      </if>
    </trim>
    <trim prefix="values (" suffix=")" suffixOverrides=",">
      <if test="staffid != null">
        #{staffid,jdbcType=VARCHAR},
      </if>
      <if test="certificate != null">
        #{certificate,jdbcType=VARCHAR},
      </if>
      <if test="getdate != null">
        #{getdate,jdbcType=DATE},
      </if>
      <if test="status != null">
        #{status,jdbcType=VARCHAR},
      </if>
      <if test="makedate != null">
        #{makedate,jdbcType=DATE},
      </if>
      <if test="maketime != null">
        #{maketime,jdbcType=VARCHAR},
      </if>
      <if test="modifydate != null">
        #{modifydate,jdbcType=DATE},
      </if>
      <if test="modifytime != null">
        #{modifytime,jdbcType=VARCHAR},
      </if>
    </trim>
  </insert>
  
  
   <delete id="deleteQualificationControl" parameterType="com.sinosoft.service.business.db.vo.qualificationcontrolVo">
   delete from qualificationcontrol  where staffid=#{staffid} and qualifitypecode=#{qualifitypecode}
   </delete>  
   
  <insert id="insertQualificationControl" parameterType="com.sinosoft.service.business.db.vo.qualificationcontrolVo">
    insert into qualificationcontrol (staffid,qualifitypecode,status,operator)
    values (#{staffid,jdbcType=VARCHAR}, #{qualifitypecode,jdbcType=VARCHAR}, #{status,jdbcType=VARCHAR},#{operator,jdbcType=VARCHAR})
  </insert>
   
   <select id="selectQualificationControl" resultType="com.sinosoft.service.business.db.vo.qualificationcontrolVo" parameterType="com.sinosoft.service.business.db.vo.qualificationcontrolVo">
    select * from qualificationcontrol where 1=1
       <if test="staffid != null and staffid !='' ">
        and staffid = #{staffid,jdbcType=VARCHAR}
       </if>
       <if test="qualifitypecode != null and qualifitypecode !=''">
        and qualifitypecode = #{qualifitypecode,jdbcType=VARCHAR}
       </if>
       <if test="status != null and status !=''">
        and status = #{status,jdbcType=VARCHAR}
       </if>
  </select>
  
	
	   <delete id="deleteCongyeData" parameterType="String">
		delete from PROFESSIONAL where flag=#{flag,jdbcType=VARCHAR}
	  </delete>
  
<insert id="insertcongye" parameterType="java.util.List"
	useGeneratedKeys="false">
	BEGIN
	<foreach collection="list" item="item" separator=";">
		insert into PROFESSIONAL
		<trim prefix="(" suffix=")" suffixOverrides=",">
			STAFFID,NAME,CONGYENUM,
			REGDATE,MAKEDATE,LICENSETYPE,flag,
		</trim>
		<trim prefix="values (" suffix=")" suffixOverrides=",">
			#{item.staffid,jdbcType=VARCHAR},#{item.name,jdbcType=VARCHAR},
			#{item.congyeNum,jdbcType=VARCHAR},#{item.regDate,jdbcType=DATE},#{item.makeDate,jdbcType=DATE},
			#{item.congyeType,jdbcType=VARCHAR},#{item.flag,jdbcType=VARCHAR},
		</trim>
	</foreach>
	;END;
</insert>
    
    <delete id="deletesubbranchData">
	delete from PROFESSIONAL1
  </delete>
  
<insert id="insertsubbranch" parameterType="java.util.List"
	useGeneratedKeys="false">
	BEGIN
	<foreach collection="list" item="item" separator=";">
		insert into PROFESSIONAL1
		<trim prefix="(" suffix=")" suffixOverrides=",">
			CITYEN,CITYZH,PHONE,FAX,EMAIL,ADDRESS,POSTCODE,
		</trim>
		<trim prefix="values (" suffix=")" suffixOverrides=",">
			#{item.cityEn,jdbcType=VARCHAR},#{item.cityZh,jdbcType=VARCHAR},#{item.phone,jdbcType=VARCHAR},
			#{item.fax,jdbcType=VARCHAR},#{item.email,jdbcType=VARCHAR},#{item.address,jdbcType=VARCHAR},
			#{item.postCode,jdbcType=VARCHAR},
		</trim>
	</foreach>
	;END;
</insert>

	  
	  <delete id="deleteInsuranceData" parameterType="String">
		delete from LCINSURANCENUM where flag=#{flag,jdbcType=VARCHAR}
	  </delete>
  
<insert id="insertInsuranceData" parameterType="java.util.List"
	useGeneratedKeys="false">
	BEGIN
	<foreach collection="list" item="item" separator=";">
		insert into LCINSURANCENUM
		<trim prefix="(" suffix=")" suffixOverrides=",">
			STAFFID,NAME,CONGYENUM,
			REGDATE,MAKEDATE,LICENSETYPE,flag,
		</trim>
		<trim prefix="values (" suffix=")" suffixOverrides=",">
			#{item.staffid,jdbcType=VARCHAR},#{item.name,jdbcType=VARCHAR},
			#{item.congyeNum,jdbcType=VARCHAR},#{item.regDate,jdbcType=DATE},#{item.makeDate,jdbcType=DATE},
			#{item.congyeType,jdbcType=VARCHAR},#{item.flag,jdbcType=VARCHAR},
		</trim>
	</foreach>
	;END;
</insert>


<select id="findCertificateNoByStaffid" parameterType="String" resultType="com.sinosoft.service.business.ui.laqualidetails.bean.StaffCongyeBean">
	SELECT 
		staffid staffid,
		congyenum congyeNum,
		name name,
		regdate regDate
	FROM
		LCINSURANCENUM
	WHERE
		staffid = #{staffid,jdbcType=VARCHAR}
</select>


</mapper>