<?xml version="1.0" encoding="UTF-8" ?>
<!DOCTYPE mapper PUBLIC "-//mybatis.org//DTD Mapper 3.0//EN" "http://mybatis.org/dtd/mybatis-3-mapper.dtd" >
<mapper namespace="com.sinosoft.service.business.db.dao.LcbnfVoDao" >
  <resultMap id="BaseResultMap" type="com.sinosoft.service.business.db.vo.LcbnfVo" >
    <id column="POLNO" property="polno" jdbcType="VARCHAR" />
    <id column="INSUREDNO" property="insuredno" jdbcType="VARCHAR" />
    <id column="BNFTYPE" property="bnftype" jdbcType="VARCHAR" />
    <id column="BNFNO" property="bnfno" jdbcType="DECIMAL" />
    <id column="BNFGRADE" property="bnfgrade" jdbcType="VARCHAR" />
    <id column="TRANSNO" property="transno" jdbcType="VARCHAR" />
    <result column="CONTNO" property="contno" jdbcType="VARCHAR" />
    <result column="RELATIONTOINSURED" property="relationtoinsured" jdbcType="VARCHAR" />
    <result column="BNFLOT" property="bnflot" jdbcType="DECIMAL" />
    <result column="CUSTOMERNO" property="customerno" jdbcType="VARCHAR" />
    <result column="NAME" property="name" jdbcType="VARCHAR" />
    <result column="SEX" property="sex" jdbcType="VARCHAR" />
    <result column="BIRTHDAY" property="birthday" jdbcType="TIMESTAMP" />
    <result column="IDTYPE" property="idtype" jdbcType="VARCHAR" />
    <result column="IDNO" property="idno" jdbcType="VARCHAR" />
    <result column="GETFORM" property="getform" jdbcType="VARCHAR" />
    <result column="GETBANKCODE" property="getbankcode" jdbcType="VARCHAR" />
    <result column="GETBANKACCNO" property="getbankaccno" jdbcType="VARCHAR" />
    <result column="GETACCNAME" property="getaccname" jdbcType="VARCHAR" />
    <result column="OPERATOR" property="operator" jdbcType="VARCHAR" />
    <result column="MAKEDATE" property="makedate" jdbcType="TIMESTAMP" />
    <result column="MAKETIME" property="maketime" jdbcType="VARCHAR" />
    <result column="MODIFYDATE" property="modifydate" jdbcType="TIMESTAMP" />
    <result column="MODIFYTIME" property="modifytime" jdbcType="VARCHAR" />
    <result column="RELEVANTS" property="relevants" jdbcType="VARCHAR" />
    <result column="INSUID" property="insuid" jdbcType="VARCHAR" />
    <result column="RELATIONTOINSURED2" property="relationtoinsured2" jdbcType="VARCHAR" />
    <result column="NAITY" property="naity" jdbcType="VARCHAR" />
    <result column="REIP" property="reip" jdbcType="VARCHAR" />
    <result column="BNFVALIDYEAR" property="bnfvalidYear" jdbcType="TIMESTAMP" />
    <result column="POLITICAL" property="political" jdbcType="VARCHAR" />
    <result column="TOPMANAGEMENT" property="topmanagement" jdbcType="VARCHAR" />
    <result column="OTHERCARDTYPE" property="othercardtype" jdbcType="VARCHAR" />
    <result column="OTHERRELATION" property="otherrelation" jdbcType="VARCHAR" />
    <result column="MOBILECOUNTRY" property="mobilecountry" jdbcType="VARCHAR" />
    <result column="MOBILE" property="mobile" jdbcType="VARCHAR" />
    <result column="HOMEPHONE" property="homephone" jdbcType="VARCHAR" />
    <result column="AREACODETEL" property="areacodetel" jdbcType="VARCHAR" />
    <result column="ISLONGITEM" property="islongitem" jdbcType="VARCHAR" />
    <result column="PROVINCE" property="province" jdbcType="VARCHAR" />
    <result column="CITY" property="city" jdbcType="VARCHAR" />
    <result column="DISTRICT" property="district" jdbcType="VARCHAR" />
    <result column="ADDRESS" property="address" jdbcType="VARCHAR" />
    <result column="ZIPCODE" property="zipcode" jdbcType="VARCHAR" />
    <result column="OCCUPATION" property="occupation" jdbcType="VARCHAR" />
    <result column="usedname1" property="usedname1" jdbcType="VARCHAR" />
    <result column="usedname2" property="usedname2" jdbcType="VARCHAR" />
    <result column="usedname3" property="usedname3" jdbcType="VARCHAR" />
    <result column="startingDate" property="startingDate" jdbcType="TIMESTAMP" />
	<result column="renewCount" property="renewCount" jdbcType="VARCHAR" />
	<result column="postalflag" property="postalflag" jdbcType="VARCHAR" />
	<result column="company" property="company" jdbcType="VARCHAR" />
  </resultMap>

  <!-- 一对多查询 -->
  <resultMap type="com.sinosoft.service.business.db.vo.LcbnfVo" id="BaseResultWithRelevant">
    <id column="POLNO" property="polno" jdbcType="VARCHAR" />
    <id column="INSUREDNO" property="insuredno" jdbcType="VARCHAR" />
    <id column="BNFTYPE" property="bnftype" jdbcType="VARCHAR" />
    <id column="BNFNO" property="bnfno" jdbcType="DECIMAL" />
    <id column="BNFGRADE" property="bnfgrade" jdbcType="VARCHAR" />
    <id column="TRANSNO" property="transno" jdbcType="VARCHAR" />
    <result column="CONTNO" property="contno" jdbcType="VARCHAR" />
    <result column="RELATIONTOINSURED" property="relationtoinsured" jdbcType="VARCHAR" />
    <result column="BNFLOT" property="bnflot" jdbcType="DECIMAL" />
    <result column="CUSTOMERNO" property="customerno" jdbcType="VARCHAR" />
    <result column="NAME" property="name" jdbcType="VARCHAR" />
    <result column="SEX" property="sex" jdbcType="VARCHAR" />
    <result column="BIRTHDAY" property="birthday" jdbcType="TIMESTAMP" />
    <result column="IDTYPE" property="idtype" jdbcType="VARCHAR" />
    <result column="IDNO" property="idno" jdbcType="VARCHAR" />
    <result column="GETFORM" property="getform" jdbcType="VARCHAR" />
    <result column="GETBANKCODE" property="getbankcode" jdbcType="VARCHAR" />
    <result column="GETBANKACCNO" property="getbankaccno" jdbcType="VARCHAR" />
    <result column="GETACCNAME" property="getaccname" jdbcType="VARCHAR" />
    <result column="OPERATOR" property="operator" jdbcType="VARCHAR" />
    <result column="MAKEDATE" property="makedate" jdbcType="TIMESTAMP" />
    <result column="MAKETIME" property="maketime" jdbcType="VARCHAR" />
    <result column="MODIFYDATE" property="modifydate" jdbcType="TIMESTAMP" />
    <result column="MODIFYTIME" property="modifytime" jdbcType="VARCHAR" />
    <result column="RELEVANTS" property="relevants" jdbcType="VARCHAR" />
    <result column="INSUID" property="insuid" jdbcType="VARCHAR" />
    <result column="RELATIONTOINSURED2" property="relationtoinsured2" jdbcType="VARCHAR" />
    <result column="NAITY" property="naity" jdbcType="VARCHAR" />
    <result column="REIP" property="reip" jdbcType="VARCHAR" />
    <result column="BNFVALIDYEAR" property="bnfvalidYear" jdbcType="TIMESTAMP" />
    <result column="POLITICAL" property="political" jdbcType="VARCHAR" />
    <result column="TOPMANAGEMENT" property="topmanagement" jdbcType="VARCHAR" />
    <result column="OTHERRELATION" property="otherrelation" jdbcType="VARCHAR" />
    <result column="OTHERCARDTYPE" property="othercardtype" jdbcType="VARCHAR" />
    <result column="MOBILECOUNTRY" property="mobilecountry" jdbcType="VARCHAR" />
    <result column="MOBILE" property="mobile" jdbcType="VARCHAR" />
    <result column="HOMEPHONE" property="homephone" jdbcType="VARCHAR" />
    <result column="AREACODETEL" property="areacodetel" jdbcType="VARCHAR" />
    <result column="ISLONGITEM" property="islongitem" jdbcType="VARCHAR" />
    <result column="PROVINCE" property="province" jdbcType="VARCHAR" />
    <result column="CITY" property="city" jdbcType="VARCHAR" />
    <result column="DISTRICT" property="district" jdbcType="VARCHAR" />
    <result column="ADDRESS" property="address" jdbcType="VARCHAR" />
    <result column="ZIPCODE" property="zipcode" jdbcType="VARCHAR" />
    <result column="OCCUPATION" property="occupation" jdbcType="VARCHAR" />
    <result column="usedname1" property="usedname1" jdbcType="VARCHAR" />
    <result column="usedname2" property="usedname2" jdbcType="VARCHAR" />
    <result column="usedname3" property="usedname3" jdbcType="VARCHAR" />

    <collection property="relBnfLists"  ofType="com.sinosoft.service.business.db.vo.Relevant">
	   <id column="BINSUID" property="insuid" jdbcType="VARCHAR" />
	   <id column="BBNFNO" property="bnfno" jdbcType="DECIMAL" />
	   <id column="BTRANSNO" property="transno" jdbcType="VARCHAR" />
	   <result column="BPOLNO" property="polno" jdbcType="VARCHAR"/>
	   <result column="BBNFLOT" property="bnflot" jdbcType="VARCHAR"/>
	   <result column="BBNFGRADE" property="bnfgrade" jdbcType="VARCHAR"/>
	   <result column="BRELATIONTOINSURED" property="relationtoinsured" jdbcType="VARCHAR"/>
      <result column="BOTHERRELATION" property="otherrelation" jdbcType="VARCHAR" />
    </collection>
  </resultMap>

  <sql id="Base_Column_List" >
    POLNO, INSUREDNO, BNFTYPE, BNFNO, BNFGRADE, TRANSNO, CONTNO, RELATIONTOINSURED, BNFLOT,
    CUSTOMERNO, NAME, SEX, BIRTHDAY, IDTYPE, IDNO, GETFORM, GETBANKCODE, GETBANKACCNO,
    GETACCNAME, OPERATOR, MAKEDATE, MAKETIME, MODIFYDATE, MODIFYTIME,RELEVANTS,INSUID,RELATIONTOINSURED2,NAITY,REIP,BNFVALIDYEAR,
    POLITICAL,TOPMANAGEMENT,OTHERRELATION,OTHERCARDTYPE,MOBILECOUNTRY,MOBILE,HOMEPHONE,AREACODETEL,ISLONGITEM,PROVINCE,CITY,DISTRICT,ADDRESS,ZIPCODE,OCCUPATION,
    usedname1,usedname2,usedname3,startingDate,renewCount,postalflag,company
  </sql>
  <select id="selectByPrimaryKey" parameterType="String" resultMap="BaseResultMap" >
    select
    <include refid="Base_Column_List" />
    from LCBNF
    where TRANSNO = #{transno,jdbcType=VARCHAR}
  </select>

  <select id="selectByPolno" parameterType="String" resultMap="BaseResultMap" >
    select
    <include refid="Base_Column_List" />
    from LCBNF
    where POLNO = #{polno,jdbcType=VARCHAR}
  </select>

   <select id="selectByTransnoAndBnfno" parameterType="String" resultMap="BaseResultMap" >
    select
    <include refid="Base_Column_List" />
    from LCBNF
    where TRANSNO = #{transno,jdbcType=VARCHAR} and BNFNO = #{bnfno,jdbcType=VARCHAR}
  </select>

  <select id="selectLcbnf" parameterType="com.sinosoft.service.business.db.vo.LcbnfVo" resultType="com.sinosoft.service.business.db.vo.LcbnfVo" >
    select
    <include refid="Base_Column_List" />
    from LCBNF
    where TRANSNO = #{transno,jdbcType=VARCHAR}
    and BNFGRADE= #{bnfgrade,jdbcType=VARCHAR}
  </select>
  <delete id="deleteByPrimaryKey"  parameterType="String"  >
    delete from LCBNF
    where TRANSNO = #{transno,jdbcType=VARCHAR}
  </delete>
  <insert id="insert" parameterType="com.sinosoft.service.business.db.vo.LcbnfVo" >
    insert into LCBNF (TRANSNO, CONTNO, POLNO,
      INSUREDNO, BNFTYPE, BNFNO,
      BNFGRADE, RELATIONTOINSURED, BNFLOT,
      CUSTOMERNO, NAME, SEX,
      BIRTHDAY, IDTYPE, IDNO,
      GETFORM, GETBANKCODE, GETBANKACCNO,
      GETACCNAME, OPERATOR, MAKEDATE,
      MAKETIME, MODIFYDATE, MODIFYTIME,
      RELEVANTS, INSUID, RELATIONTOINSURED2,NAITY,REIP,BNFVALIDYEAR,POLITICAL,
      TOPMANAGEMENT,OTHERRELATION,OTHERCARDTYPE,MOBILECOUNTRY,MOBILE,HOMEPHONE,AREACODETEL,ISLONGITEM,PROVINCE,CITY,
      DISTRICT,ADDRESS,ZIPCODE,OCCUPATION,USEDNAME1,USEDNAME2,USEDNAME3,lcbnfrelationtoappnt,startingDate,renewCount,postalflag,company)
    values (#{transno,jdbcType=VARCHAR}, #{contno,jdbcType=VARCHAR}, #{polno,jdbcType=VARCHAR},
      #{insuredno,jdbcType=VARCHAR}, #{bnftype,jdbcType=VARCHAR}, #{bnfno,jdbcType=DECIMAL},
      #{bnfgrade,jdbcType=VARCHAR}, #{relationtoinsured,jdbcType=VARCHAR}, #{bnflot,jdbcType=DECIMAL},
      #{customerno,jdbcType=VARCHAR}, #{name,jdbcType=VARCHAR}, #{sex,jdbcType=VARCHAR},
      #{birthday,jdbcType=TIMESTAMP}, #{idtype,jdbcType=VARCHAR}, #{idno,jdbcType=VARCHAR},
      #{getform,jdbcType=VARCHAR}, #{getbankcode,jdbcType=VARCHAR}, #{getbankaccno,jdbcType=VARCHAR},
      #{getaccname,jdbcType=VARCHAR}, #{operator,jdbcType=VARCHAR}, #{makedate,jdbcType=TIMESTAMP},
      #{maketime,jdbcType=VARCHAR}, #{modifydate,jdbcType=TIMESTAMP}, #{modifytime,jdbcType=VARCHAR},
      #{relevants,jdbcType=VARCHAR}, #{insuid,jdbcType=VARCHAR}, #{relationtoinsured2,jdbcType=VARCHAR},#{naity,jdbcType=VARCHAR},#{reip,jdbcType=VARCHAR},
      #{bnfvalidYear,jdbcType=TIMESTAMP},#{political,jdbcType=VARCHAR},#{topmanagement,jdbcType=VARCHAR},#{otherrelation,jdbcType=VARCHAR},#{othercardtype,jdbcType=VARCHAR},
      #{mobilecountry,jdbcType=VARCHAR},#{mobile,jdbcType=VARCHAR},#{homephone,jdbcType=VARCHAR},#{areacodetel,jdbcType=VARCHAR},#{islongitem,jdbcType=VARCHAR},
      #{province,jdbcType=VARCHAR},#{city,jdbcType=VARCHAR},#{district,jdbcType=VARCHAR},
      #{address,jdbcType=VARCHAR},#{zipcode,jdbcType=VARCHAR},#{occupation,jdbcType=VARCHAR},
      #{usedname1,jdbcType=VARCHAR},#{usedname2,jdbcType=VARCHAR},#{usedname3,jdbcType=VARCHAR}
      ,#{lcbnfrelationtoappnt,jdbcType=VARCHAR},#{startingDate,jdbcType=TIMESTAMP},#{renewCount,jdbcType=VARCHAR},#{postalflag,jdbcType=VARCHAR},#{company,jdbcType=VARCHAR})
  </insert>
  <insert id="insertSelective" parameterType="com.sinosoft.service.business.db.vo.LcbnfVo" >
    insert into LCBNF
    <trim prefix="(" suffix=")" suffixOverrides="," >
      <if test="transno != null" >
        TRANSNO,
      </if>
      <if test="contno != null" >
        CONTNO,
      </if>
      <if test="polno != null" >
        POLNO,
      </if>
      <if test="insuredno != null" >
        INSUREDNO,
      </if>
      <if test="bnftype != null" >
        BNFTYPE,
      </if>
      <if test="bnfno != null" >
        BNFNO,
      </if>
      <if test="bnfgrade != null" >
        BNFGRADE,
      </if>
      <if test="relationtoinsured != null" >
        RELATIONTOINSURED,
      </if>
      <if test="bnflot != null" >
        BNFLOT,
      </if>
      <if test="customerno != null" >
        CUSTOMERNO,
      </if>
      <if test="name != null" >
        NAME,
      </if>
      <if test="sex != null" >
        SEX,
      </if>
      <if test="birthday != null" >
        BIRTHDAY,
      </if>
      <if test="idtype != null" >
        IDTYPE,
      </if>
      <if test="idno != null" >
        IDNO,
      </if>
      <if test="getform != null" >
        GETFORM,
      </if>
      <if test="getbankcode != null" >
        GETBANKCODE,
      </if>
      <if test="getbankaccno != null" >
        GETBANKACCNO,
      </if>
      <if test="getaccname != null" >
        GETACCNAME,
      </if>
      <if test="operator != null" >
        OPERATOR,
      </if>
      <if test="makedate != null" >
        MAKEDATE,
      </if>
      <if test="maketime != null" >
        MAKETIME,
      </if>
      <if test="modifydate != null" >
        MODIFYDATE,
      </if>
      <if test="modifytime != null" >
        MODIFYTIME,
      </if>
      <if test="relevants != null" >
        RELEVANTS,
      </if>
      <if test="insuid != null" >
        INSUID,
      </if>
      <if test="relationtoinsured2 != null" >
        RELATIONTOINSURED2,
      </if>
      <if test="naity != null" >
        NAITY,
      </if>
      <if test="reip != null" >
        REIP,
      </if>
      <if test="bnfvalidYear != null" >
        BNFVALIDYEAR,
      </if>
      <if test="political != null" >
        POLITICAL,
      </if>
      <if test="topmanagement != null" >
        TOPMANAGEMENT,
      </if>
      <if test="otherrelation != null" >
        OTHERRELATION,
      </if>
      <if test="othercardtype != null" >
        OTHERCARDTYPE,
      </if>
      <if test="mobilecountry != null" >
        MOBILECOUNTRY,
      </if>
       <if test="mobile != null" >
        MOBILE,
      </if>
       <if test="homephone != null" >
        HOMEPHONE,
      </if>
       <if test="areacodetel != null" >       
        AREACODETEL,
      </if>
       <if test="islongitem != null" >       
        ISLONGITEM,
      </if>
       <if test="PROVINCE != null" >
        PROVINCE,
      </if>
      <if test="city != null" >
        CITY,
      </if>
       <if test="district != null" >
        DISTRICT,
      </if>
       <if test="address != null" >
        ADDRESS,
      </if>
       <if test="zipcode != null" >       
        ZIPCODE,
      </if>
       <if test="occupation != null" >       
        OCCUPATION,
      </if>
      <if test="usedname1 != null" >
        USEDNAME1,
      </if>
      <if test="usedname2 != null" >
        USEDNAME2,
      </if>
      <if test="usedname2 != null" >
        USEDNAME2,
      </if>
     
    </trim>
    <trim prefix="values (" suffix=")" suffixOverrides="," >
      <if test="transno != null" >
        #{transno,jdbcType=VARCHAR},
      </if>
      <if test="contno != null" >
        #{contno,jdbcType=VARCHAR},
      </if>
      <if test="polno != null" >
        #{polno,jdbcType=VARCHAR},
      </if>
      <if test="insuredno != null" >
        #{insuredno,jdbcType=VARCHAR},
      </if>
      <if test="bnftype != null" >
        #{bnftype,jdbcType=VARCHAR},
      </if>
      <if test="bnfno != null" >
        #{bnfno,jdbcType=DECIMAL},
      </if>
      
      <if test="bnfgrade != null" >
        #{bnfgrade,jdbcType=VARCHAR},
      </if>
      <if test="relationtoinsured != null" >
        #{relationtoinsured,jdbcType=VARCHAR},
      </if>
      <if test="bnflot != null" >
        #{bnflot,jdbcType=DECIMAL},
      </if>
      <if test="customerno != null" >
        #{customerno,jdbcType=VARCHAR},
      </if>
      <if test="name != null" >
        #{name,jdbcType=VARCHAR},
      </if>
      <if test="sex != null" >
        #{sex,jdbcType=VARCHAR},
      </if>
      <if test="birthday != null" >
        #{birthday,jdbcType=TIMESTAMP},
      </if>
      <if test="idtype != null" >
        #{idtype,jdbcType=VARCHAR},
      </if>
      <if test="idno != null" >
        #{idno,jdbcType=VARCHAR},
      </if>
      <if test="getform != null" >
        #{getform,jdbcType=VARCHAR},
      </if>
      <if test="getbankcode != null" >
        #{getbankcode,jdbcType=VARCHAR},
      </if>
      <if test="getbankaccno != null" >
        #{getbankaccno,jdbcType=VARCHAR},
      </if>
      <if test="getaccname != null" >
        #{getaccname,jdbcType=VARCHAR},
      </if>
      <if test="operator != null" >
        #{operator,jdbcType=VARCHAR},
      </if>
      <if test="makedate != null" >
        #{makedate,jdbcType=TIMESTAMP},
      </if>
      <if test="maketime != null" >
        #{maketime,jdbcType=VARCHAR},
      </if>
      <if test="modifydate != null" >
        #{modifydate,jdbcType=TIMESTAMP},
      </if>
      <if test="modifytime != null" >
        #{modifytime,jdbcType=VARCHAR},
      </if>
      <if test="relevants != null" >
        #{relevants,jdbcType=VARCHAR},
      </if>
      <if test="insuid != null" >
        #{insuid,jdbcType=VARCHAR},
      </if>
      <if test="relationtoinsured2 != null" >
        #{relationtoinsured2,jdbcType=VARCHAR},
      </if>
      <if test="naity != null" >
        #{naity,jdbcType=VARCHAR},
      </if>
      <if test="reip != null" >
        #{reip,jdbcType=VARCHAR},
      </if>
      <if test="bnfvalidYear != null" >
        #{bnfvalidYear,jdbcType=TIMESTAMP},
      </if>
       <if test="political != null" >
        #{political,jdbcType=VARCHAR},
      </if>
       <if test="topmanagement != null" >
        #{topmanagement,jdbcType=VARCHAR},
      </if>
      <if test="otherrelation != null" >
        #{otherrelation,jdbcType=VARCHAR},
      </if>
      <if test="othercardtype != null" >
        #{othercardtype,jdbcType=VARCHAR},
      </if>
      <if test="mobilecountry != null" >
        #{mobilecountry,jdbcType=VARCHAR},
      </if>
        <if test="mobile != null" >
        #{mobile,jdbcType=VARCHAR},
      </if>
      <if test="homephone != null" >
        #{homephone,jdbcType=VARCHAR},
      </if>
      <if test="areacodetel != null" >
        #{areacodetel,jdbcType=VARCHAR},
      </if> 
       <if test="islongitem != null" >
        #{ISLONGITEM,jdbcType=VARCHAR},
      </if> 
        <if test="province != null" >
        #{province,jdbcType=VARCHAR},
      </if>
      <if test="city != null" >
        #{city,jdbcType=VARCHAR},
      </if>
        <if test="district != null" >
        #{district,jdbcType=VARCHAR},
      </if>
      <if test="address != null" >
        #{address,jdbcType=VARCHAR},
      </if>
      <if test="zipcode != null" >
        #{zipcode,jdbcType=VARCHAR},
      </if> 
       <if test="occupation != null" >
        #{occupation,jdbcType=VARCHAR},
      </if>
      <if test="usedname1 != null" >
        #{usedname1,jdbcType=VARCHAR},
      </if>
      <if test="usedname2 != null" >
        #{usedname2,jdbcType=VARCHAR},
      </if>
      <if test="usedname3 != null" >
        #{usedname3,jdbcType=VARCHAR},
      </if>
      
    </trim>
  </insert> 
  <update id="updateByPrimaryKeySelective" parameterType="com.sinosoft.service.business.db.vo.LcbnfVo" >
    update LCBNF
    <set >
      <if test="contno != null" >
        CONTNO = #{contno,jdbcType=VARCHAR},
      </if>
      <if test="relationtoinsured != null" >
        RELATIONTOINSURED = #{relationtoinsured,jdbcType=VARCHAR},
      </if>
      <if test="bnflot != null" >
        BNFLOT = #{bnflot,jdbcType=DECIMAL},
      </if>
      <if test="customerno != null" >
        CUSTOMERNO = #{customerno,jdbcType=VARCHAR},
      </if>
      <if test="name != null" >
        NAME = #{name,jdbcType=VARCHAR},
      </if>
      <if test="sex != null" >
        SEX = #{sex,jdbcType=VARCHAR},
      </if>
      <if test="birthday != null" >
        BIRTHDAY = #{birthday,jdbcType=TIMESTAMP},
      </if>
      <if test="idtype != null" >
        IDTYPE = #{idtype,jdbcType=VARCHAR},
      </if>
      <if test="idno != null" >
        IDNO = #{idno,jdbcType=VARCHAR},
      </if>
      <if test="getform != null" >
        GETFORM = #{getform,jdbcType=VARCHAR},
      </if>
      <if test="getbankcode != null" >
        GETBANKCODE = #{getbankcode,jdbcType=VARCHAR},
      </if>
      <if test="getbankaccno != null" >
        GETBANKACCNO = #{getbankaccno,jdbcType=VARCHAR},
      </if>
      <if test="getaccname != null" >
        GETACCNAME = #{getaccname,jdbcType=VARCHAR},
      </if>
      <if test="operator != null" >
        OPERATOR = #{operator,jdbcType=VARCHAR},
      </if>
      <if test="makedate != null" >
        MAKEDATE = #{makedate,jdbcType=TIMESTAMP},
      </if>
      <if test="maketime != null" >
        MAKETIME = #{maketime,jdbcType=VARCHAR},
      </if>
      <if test="modifydate != null" >
        MODIFYDATE = #{modifydate,jdbcType=TIMESTAMP},
      </if>
      <if test="modifytime != null" >
        MODIFYTIME = #{modifytime,jdbcType=VARCHAR},
      </if>
       <if test="relationtoinsured2 != null" >
        RELATIONTOINSURED2 = #{relationtoinsured2,jdbcType=VARCHAR},
      </if>
      <if test="mobilecountry != null" >
        MOBILECOUNTRY = #{mobilecountry,jdbcType=VARCHAR},
      </if>
      <if test="mobile != null" >
        MOBILE = #{mobile,jdbcType=VARCHAR},
      </if>
      <if test="homephone != null" >
        HOMEPHONE = #{homephone,jdbcType=VARCHAR},
      </if>
      <if test="areacodetel != null" >
        AREACODETEL = #{areacodetel,jdbcType=VARCHAR},
      </if>
        <if test="islongitem != null" >
        ISLONGITEM = #{islongitem,jdbcType=VARCHAR},
      </if>
       <if test="province != null" >
        PROVINCE = #{province,jdbcType=VARCHAR},
      </if>
       <if test="city != null" >
        CITY = #{city,jdbcType=VARCHAR},
      </if>
      <if test="district != null" >
        DISTRICT = #{district,jdbcType=VARCHAR},
      </if>
      <if test="address != null" >
        ADDRESS = #{address,jdbcType=VARCHAR},
      </if>
      <if test="zipcode != null" >
        ZIPCODE = #{zipcode,jdbcType=VARCHAR},
      </if>
       <if test="occupation != null" >
        OCCUPATION = #{occupation,jdbcType=VARCHAR},
      </if>
      <if test="usedname1 != null" >
        USEDNAME1 = #{usedname1,jdbcType=VARCHAR},
      </if>
      <if test="usedname2 != null" >
        USEDNAME2 = #{usedname2,jdbcType=VARCHAR},
      </if>
      <if test="usedname3 != null" >
        USEDNAME3 = #{usedname3,jdbcType=VARCHAR},
      </if>
    </set>
    where POLNO = #{polno,jdbcType=VARCHAR}
    and INSUREDNO = #{insuredno,jdbcType=VARCHAR}
    and BNFTYPE = #{bnftype,jdbcType=VARCHAR}
    and BNFNO = #{bnfno,jdbcType=DECIMAL}
    and BNFGRADE = #{bnfgrade,jdbcType=VARCHAR}
    and TRANSNO = #{transno,jdbcType=VARCHAR}
  </update>
  <update id="updateByPrimaryKey" parameterType="com.sinosoft.service.business.db.vo.LcbnfVo" >
    update LCBNF
    set CONTNO = #{contno,jdbcType=VARCHAR},
      RELATIONTOINSURED = #{relationtoinsured,jdbcType=VARCHAR},
      BNFLOT = #{bnflot,jdbcType=DECIMAL},
      CUSTOMERNO = #{customerno,jdbcType=VARCHAR},
      NAME = #{name,jdbcType=VARCHAR},
      SEX = #{sex,jdbcType=VARCHAR},
      BIRTHDAY = #{birthday,jdbcType=TIMESTAMP},
      IDTYPE = #{idtype,jdbcType=VARCHAR},
      IDNO = #{idno,jdbcType=VARCHAR},
      GETFORM = #{getform,jdbcType=VARCHAR},
      GETBANKCODE = #{getbankcode,jdbcType=VARCHAR},
      GETBANKACCNO = #{getbankaccno,jdbcType=VARCHAR},
      GETACCNAME = #{getaccname,jdbcType=VARCHAR},
      OPERATOR = #{operator,jdbcType=VARCHAR},
      MAKEDATE = #{makedate,jdbcType=TIMESTAMP},
      MAKETIME = #{maketime,jdbcType=VARCHAR},
      MODIFYDATE = #{modifydate,jdbcType=TIMESTAMP},
      MODIFYTIME = #{modifytime,jdbcType=VARCHAR},
      RELATIONTOINSURED2 = #{relationtoinsured2,jdbcType=VARCHAR},
      MOBILECOUNTRY = #{mobilecountry,jdbcType=VARCHAR},
      MOBILE = #{mobile,jdbcType=VARCHAR},
      HOMEPHONE = #{homephone,jdbcType=VARCHAR},
      AREACODETEL = #{areacodetel,jdbcType=VARCHAR},
      ISLONGITEM = #{islongitem,jdbcType=VARCHAR},
      PROVINCE = #{province,jdbcType=VARCHAR},
      CITY = #{city,jdbcType=VARCHAR},
      DISTRICT = #{district,jdbcType=VARCHAR},
      ADDRESS = #{address,jdbcType=VARCHAR},
      ZIPCODE = #{zipcode,jdbcType=VARCHAR},
      OCCUPATION = #{occupation,jdbcType=VARCHAR},
      USEDNAME1 = #{usedname1,jdbcType=VARCHAR},
      USEDNAME2 = #{usedname2,jdbcType=VARCHAR},
      USEDNAME3 = #{usedname3,jdbcType=VARCHAR}

    where POLNO = #{polno,jdbcType=VARCHAR}
      and INSUREDNO = #{insuredno,jdbcType=VARCHAR}
      and BNFTYPE = #{bnftype,jdbcType=VARCHAR}
      and BNFNO = #{bnfno,jdbcType=DECIMAL}
      and BNFGRADE = #{bnfgrade,jdbcType=VARCHAR}
      and TRANSNO = #{transno,jdbcType=VARCHAR}
  </update>   
  <insert id="insertByBatch" parameterType="java.util.List" useGeneratedKeys="false">
        BEGIN  
   <foreach collection="list" item="list" separator=";">  
   insert into LCBNF
    <trim prefix="(" suffix=")" suffixOverrides="," >
      <if test="list.transno != null" >
        TRANSNO,
      </if>
      <if test="list.contno != null" >
        CONTNO,
      </if>
      <if test="list.polno != null" >
        POLNO,
      </if>
      <if test="list.insuredno != null" >
        INSUREDNO,
      </if>
      <if test="list.bnftype != null" >
        BNFTYPE,
      </if>
      <if test="list.bnfno != null" >
        BNFNO,
      </if>
      <if test="list.bnfgrade != null" >
        BNFGRADE,
      </if>
      <if test="list.relationtoinsured != null" >
        RELATIONTOINSURED,
      </if>
      <if test="list.bnflot != null" >
        BNFLOT,
      </if>
      <if test="list.customerno != null" >
        CUSTOMERNO,
      </if>
      <if test="list.name != null" >
        NAME,
      </if>
      <if test="list.sex != null" >
        SEX,
      </if>
      <if test="list.birthday != null" >
        BIRTHDAY,
      </if>
      <if test="list.idtype != null" >
        IDTYPE,
      </if>
      <if test="list.idno != null" >
        IDNO,
      </if>
      <if test="list.getform != null" >
        GETFORM,
      </if>
      <if test="list.getbankcode != null" >
        GETBANKCODE,
      </if>
      <if test="list.getbankaccno != null" >
        GETBANKACCNO,
      </if>
      <if test="list.getaccname != null" >
        GETACCNAME,
      </if>
      <if test="list.operator != null" >
        OPERATOR,
      </if>
      <if test="list.makedate != null" >
        MAKEDATE,
      </if>
      <if test="list.maketime != null" >
        MAKETIME,
      </if>
      <if test="list.modifydate != null" >
        MODIFYDATE,
      </if>
      <if test="list.modifytime != null" >
        MODIFYTIME,
      </if>
      <if test="list.relevants != null" >
        RELEVANTS,
      </if>
      <if test="list.insuid != null" >
        INSUID,
      </if>
      <if test="list.relationtoinsured2 != null" >
        RELATIONTOINSURED2,
      </if>
      <if test="list.mobilecountry != null" >
        MOBILECOUNTRY,
      </if>
      <if test="list.mobile != null" >
        MOBILE,
      </if>
      <if test="list.homephone != null" >
        HOMEPHONE,
      </if>
      <if test="list.areacodetel != null" >
        AREACODETEL,
      </if>
       <if test="list.islongitem != null" >
        ISLONGITEM,
      </if>
       <if test="list.province != null" >
        PROVINCE,
      </if>
      <if test="list.city != null" >
        CITY,
      </if>
        <if test="list.district != null" >
        DISTRICT,
      </if>
      <if test="list.address != null" >
        ADDRESS,
      </if>
      <if test="list.zipcode != null" >
        ZIPCODE,
      </if>
      <if test="list.occupation != null" >
        OCCUPATION,
      </if>
      <if test="list.usedname1 != null" >
        USEDNAME1,
      </if>
      <if test="list.usedname2 != null" >
        USEDNAME2,
      </if>
      <if test="list.usedname3 != null" >
        USEDNAME3,
      </if>
      
    </trim>
    <trim prefix="values (" suffix=")" suffixOverrides="," >
      <if test="list.transno != null" >
        #{list.transno,jdbcType=VARCHAR},
      </if>
      <if test="list.contno != null" >
        #{list.contno,jdbcType=VARCHAR},
      </if>
      <if test="list.polno != null" >
        #{list.polno,jdbcType=VARCHAR},
      </if>
      <if test="list.insuredno != null" >
        #{list.insuredno,jdbcType=VARCHAR},
      </if>
      <if test="list.bnftype != null" >
        #{list.bnftype,jdbcType=VARCHAR},
      </if>
      <if test="list.bnfno != null" >
        #{list.bnfno,jdbcType=DECIMAL},
      </if>
      <if test="list.bnfgrade != null" >
        #{list.bnfgrade,jdbcType=VARCHAR},
      </if>
      <if test="list.relationtoinsured != null" >
        #{list.relationtoinsured,jdbcType=VARCHAR},
      </if>
      <if test="list.bnflot != null" >
        #{list.bnflot,jdbcType=DECIMAL},
      </if>
      <if test="list.customerno != null" >
        #{list.customerno,jdbcType=VARCHAR},
      </if>
      <if test="list.name != null" >
        #{list.name,jdbcType=VARCHAR},
      </if>
      <if test="list.sex != null" >
        #{list.sex,jdbcType=VARCHAR},
      </if>
      <if test="list.birthday != null" >
        #{list.birthday,jdbcType=TIMESTAMP},
      </if>
      <if test="list.idtype != null" >
        #{list.idtype,jdbcType=VARCHAR},
      </if>
      <if test="list.idno != null" >
        #{list.idno,jdbcType=VARCHAR},
      </if>
      <if test="list.getform != null" >
        #{list.getform,jdbcType=VARCHAR},
      </if>
      <if test="list.getbankcode != null" >
        #{list.getbankcode,jdbcType=VARCHAR},
      </if>
      <if test="list.getbankaccno != null" >
        #{list.getbankaccno,jdbcType=VARCHAR},
      </if>
      <if test="list.getaccname != null" >
        #{list.getaccname,jdbcType=VARCHAR},
      </if>
      <if test="list.operator != null" >
        #{list.operator,jdbcType=VARCHAR},
      </if>
      <if test="list.makedate != null" >
        #{list.makedate,jdbcType=TIMESTAMP},
      </if>
      <if test="list.maketime != null" >
        #{list.maketime,jdbcType=VARCHAR},
      </if>
      <if test="list.modifydate != null" >
        #{list.modifydate,jdbcType=TIMESTAMP},
      </if>
      <if test="list.modifytime != null" >
        #{list.modifytime,jdbcType=VARCHAR},
      </if>
      <if test="list.relevants != null" >
        #{list.relevants,jdbcType=VARCHAR},
      </if>
      <if test="list.insuid != null" >
        #{list.insuid,jdbcType=VARCHAR},
      </if>
      <if test="list.relationtoinsured2 != null" >
        #{list.relationtoinsured2,jdbcType=VARCHAR},
      </if>
      <if test="list.mobilecountry != null" >
        #{list.mobilecountry,jdbcType=VARCHAR},
      </if>
       <if test="list.mobile != null" >
        #{list.mobile,jdbcType=VARCHAR},
      </if>
      <if test="list.homephone != null" >
        #{list.homephone,jdbcType=VARCHAR},
      </if>
      <if test="list.areacodetel != null" >
        #{list.areacodetel,jdbcType=VARCHAR},
      </if>
      <if test="list.islongitem != null" >
        #{list.islongitem,jdbcType=VARCHAR},
      </if>
         <if test="list.province != null" >
        #{list.province,jdbcType=VARCHAR},
      </if>
      <if test="list.city != null" >
        #{list.city,jdbcType=VARCHAR},
      </if>
          <if test="list.district != null" >
        #{list.district,jdbcType=VARCHAR},
      </if>
      <if test="list.address != null" >
        #{list.address,jdbcType=VARCHAR},
      </if>
      <if test="list.zipcode != null" >
        #{list.zipcode,jdbcType=VARCHAR},
      </if>
        <if test="list.occupation != null" >
        #{list.occupation,jdbcType=VARCHAR},
      </if>
      <if test="list.usedname1 != null" >
        #{list.usedname1,jdbcType=VARCHAR},
      </if>
      <if test="list.usedname2 != null" >
        #{list.usedname2,jdbcType=VARCHAR},
      </if>
      <if test="list.usedname3 != null" >
        #{list.usedname3,jdbcType=VARCHAR},
      </if>
     
    </trim>
        </foreach>  
        ;END;  
</insert>
<select id="selectBytransno" parameterType="String" resultType="com.sinosoft.service.business.db.vo.LcbnfVo">
   select * from lcbnf l where l.transno=#{transno} order by l.bnfno asc
</select>
 
  <!-- 一对多查询 -->
  <select id="selectLcbnfWithRelevant" parameterType="String"  resultMap="BaseResultWithRelevant">
	    select
	    a.POLNO,a.insuid, a.INSUREDNO,  a.BNFTYPE,  a.BNFNO,  a.BNFGRADE,  a.TRANSNO,  a.CONTNO,  a.RELATIONTOINSURED,  a.BNFLOT,
	    a.CUSTOMERNO,  a.NAME,  a.SEX,  a.BIRTHDAY,  a.IDTYPE,  a.IDNO,  a.GETFORM,  a.GETBANKCODE,  a.GETBANKACCNO,
	    a.GETACCNAME,  a.OPERATOR,  a.MAKEDATE,  a.MAKETIME,  a.MODIFYDATE,  a.MODIFYTIME, a.RELEVANTS, a.RELATIONTOINSURED2,
        a.MOBILECOUNTRY,a.MOBILE,  a.HOMEPHONE,  a.AREACODETEL ,a.ISLONGITEM,a.PROVINCE,a.CITY,a.DISTRICT,a.ADDRESS,a.ZIPCODE,a.OCCUPATION,
	    a.USEDNAME1,a.USEDNAME2,a.USEDNAME3,
	    b.transno BTRANSNO,b.insuid BINSUID,b.polno BPOLNO,b.bnfno BBNFNO,b.bnflot BBNFLOT,b.bnfgrade BBNFGRADE,
	    b.relationtoinsured BRELATIONTOINSURED,b.otherreation BOTHERRELATION
		from lcbnf a
		left join relevant b
		on a.transno=b.transno
		where a.transno=#{transno}
		and a.bnfno=b.bnfno
  </select>

</mapper>