<?xml version="1.0" encoding="UTF-8"?>
<!DOCTYPE mapper PUBLIC "-//mybatis.org//DTD Mapper 3.0//EN" "http://mybatis.org/dtd/mybatis-3-mapper.dtd">
<mapper namespace="com.sinosoft.service.business.db.dao.LoginDao">
	<resultMap id="BaseResultMap" type="com.sinosoft.service.business.db.vo.SYSUserVo">
<result column="EMPLID" jdbcType="VARCHAR" property="emplID" />
    <result column="COMPANYCODE" jdbcType="VARCHAR" property="companyCode" />
    <result column="COMPANYCODEs" jdbcType="VARCHAR" property="companyCodes" />
    <result column="COMPANYNAME" jdbcType="VARCHAR" property="companyName" />
    <result column="LOCATIONCODE" jdbcType="VARCHAR" property="locationCode" />
    <result column="LOCATIONNAME" jdbcType="VARCHAR" property="locationName" />
    <result column="DEPTID" jdbcType="VARCHAR" property="deptId" />
    <result column="DEPARTMENT" jdbcType="VARCHAR" property="department" />
    <result column="COSTCENTRE" jdbcType="VARCHAR" property="costCentre" />
    <result column="EMPLRCD" jdbcType="VARCHAR" property="emplrcd" />
    <result column="NAME" jdbcType="VARCHAR" property="name" />
	<result column="preferredFirstName" jdbcType="VARCHAR" property="preferredFirstName" />
	<result column="jobCode" jdbcType="VARCHAR" property="jobCode" />
	<result column="positionCode" jdbcType="VARCHAR" property="positionCode" />
	<result column="positionTitle" jdbcType="VARCHAR" property="positionTitle" />
    <result column="JOBTITLE" jdbcType="VARCHAR" property="jobtitle" />
    <result column="REPORTSTO" jdbcType="VARCHAR" property="reportsto" />
    <result column="MANAGERTITLE" jdbcType="VARCHAR" property="managertitle" />
    <result column="MANAGERID" jdbcType="VARCHAR" property="managerid" />
    <result column="MANAGERNAME" jdbcType="VARCHAR" property="managername" />
    <result column="HIREDATE" jdbcType="DATE" property="hireDate" />
    <result column="REHIREDATE" jdbcType="DATE" property="rehireDate" />
    <result column="TERMINATIONDATE" jdbcType="DATE" property="terminationdate" />
    <result column="EMPLCLASS" jdbcType="VARCHAR" property="emplclass" />
    <result column="ACTNDATE" jdbcType="DATE" property="actndate" />
    <result column="ACTNRSNEFFDT" jdbcType="DATE" property="actnrsneffdt" />
    <result column="FUNCTIONALMGR" jdbcType="VARCHAR" property="functionalmgr" />
    <result column="POSNDESCR" jdbcType="VARCHAR" property="posndescr" />
    <result column="FUNCMGREMPLID" jdbcType="VARCHAR" property="funcmgremplid" />
    <result column="FUNCMGRNAME" jdbcType="VARCHAR" property="funcmgrname" />
    <result column="HRL1DESCR" jdbcType="VARCHAR" property="hrl1descr" />
    <result column="HRL2DESCR" jdbcType="VARCHAR" property="hrl2descr" />
    <result column="HRL3DESCR" jdbcType="VARCHAR" property="hrl3descr" />
    <result column="HRL4DESCR" jdbcType="VARCHAR" property="hrl4descr" />
    <result column="HRL5DESCR" jdbcType="VARCHAR" property="hrl5descr" />
    <result column="STATUS" jdbcType="VARCHAR" property="status" />
    <result column="OPERATOR" jdbcType="VARCHAR" property="operator" />
    <result column="MAKEDATE" jdbcType="DATE" property="makedate" />
    <result column="MAKETIME" jdbcType="VARCHAR" property="maketime" />
    <result column="MODIFYDATE" jdbcType="DATE" property="modifydate" />
    <result column="MODIFYTIME" jdbcType="VARCHAR" property="modifytime" />
    <result column="flag" jdbcType="VARCHAR" property="flag" />
	  
  </resultMap>
  <sql id="Base_Column_List">
  emplID,companyCode,companyCodes,companyName,locationCode,locationName,deptId,department,costcentre,emplrcd,name,
  preferredFirstName,jobCode,managertitle,managerid,managername,hireDate,rehireDate,terminationdate,
  emplclass,actndate,actnrsneffdt,functionalmgr,posndescr,funcmgremplid,funcmgrname,hrl1descr,hrl2descr,hrl3descr,hrl4descr,hrl5descr,status,operator
  </sql>
  <select id="selectByUserCode" parameterType="java.lang.String" resultType="com.sinosoft.service.business.db.vo.SYSUserVo" >
    select  *  from lduser
    where emplID= #{emplID,jdbcType=VARCHAR}
  </select>
</mapper>