<?xml version="1.0" encoding="UTF-8"?>
<!DOCTYPE mapper PUBLIC "-//mybatis.org//DTD Mapper 3.0//EN" "http://mybatis.org/dtd/mybatis-3-mapper.dtd">
<mapper namespace="com.sinosoft.service.business.db.dao.PbUserDao">


      <!-- 查询Training-->
  <select id="selectTraining" parameterType="String" resultType="com.sinosoft.service.business.ui.latraining.bean.LatrainingBean">
	  select  *  from latraining where 1=1
		  <if test="staffid !=null and staffid != '' ">
		       and staffid=#{staffid}
		  </if>
    </select>



	<select id="selectEffectiveDate" parameterType="String" resultType="com.sinosoft.service.business.ui.laqualidetails.bean.EffectiveDateBean">
	  select * from effectivedate where 1=1
		  <if test="staffid !=null and staffid != '' ">
		       and staffid=#{staffid}
		  </if>
		 <if test="flag !=null and flag != '' ">
		       and flag=#{flag}
		 </if>
    </select>
    
  <!-- 查询保险从业人员 -->
  <select id="selectInsuranceData" parameterType="String" resultType="com.sinosoft.service.business.ui.laqualidetails.bean.StaffCongyeBean">
	  select  STAFFID,CONGYENUM,REGDATE,NAME,MAKEDATE,LICENSETYPE as congyeType  from LCINSURANCENUM where 1=1 
		  <if test="staffid !=null and staffid != '' ">
		       and staffid=#{staffid}
		  </if>
		  <if test="flag !=null and flag != '' ">
		       and flag=#{flag}
		  </if>
  </select>
    
      <!-- 查询基金从业人员 -->
  <select id="selectCongyeData" parameterType="String" resultType="com.sinosoft.service.business.ui.laqualidetails.bean.StaffCongyeBean">
	  select  STAFFID,CONGYENUM,REGDATE,NAME,MAKEDATE,LICENSETYPE as congyeType  from PROFESSIONAL where 1=1
		  <if test="staffid !=null and staffid != '' ">
		       and staffid=#{staffid}
		  </if>
		  <if test="flag !=null and flag != '' ">
		       and flag=#{flag}
		  </if>
    </select>
	 <!-- 保险从业人员 --> 
	<insert id="insertInsuranceData" parameterType="java.util.List"
		useGeneratedKeys="false">
		BEGIN
		<foreach collection="list" item="item" separator=";">
			insert into LCINSURANCENUM
			<trim prefix="(" suffix=")" suffixOverrides=",">
				STAFFID,NAME,CONGYENUM,
				REGDATE,MAKEDATE,LICENSETYPE,flag,
			</trim>
			<trim prefix="values (" suffix=")" suffixOverrides=",">
				#{item.staffid,jdbcType=VARCHAR},#{item.name,jdbcType=VARCHAR},
				#{item.congyeNum,jdbcType=VARCHAR},#{item.regDate,jdbcType=DATE},#{item.makeDate,jdbcType=DATE},
				#{item.congyeType,jdbcType=VARCHAR},#{item.flag,jdbcType=VARCHAR},
			</trim>
		</foreach>
		;END;
	</insert>
	
	
	  <!-- 基金从业人员 -->
	<insert id="insertcongye" parameterType="java.util.List"
		useGeneratedKeys="false">
		BEGIN
		<foreach collection="list" item="item" separator=";">
			insert into PROFESSIONAL
			<trim prefix="(" suffix=")" suffixOverrides=",">
				STAFFID,NAME,CONGYENUM,
				REGDATE,MAKEDATE,LICENSETYPE,flag,
			</trim>
			<trim prefix="values (" suffix=")" suffixOverrides=",">
				#{item.staffid,jdbcType=VARCHAR},#{item.name,jdbcType=VARCHAR},
				#{item.congyeNum,jdbcType=VARCHAR},#{item.regDate,jdbcType=DATE},#{item.makeDate,jdbcType=DATE},
				#{item.congyeType,jdbcType=VARCHAR},#{item.flag,jdbcType=VARCHAR},
			</trim>
		</foreach>
		;END;
	</insert>
	
	
	  
	<insert id="insertEffectiveDate" parameterType="com.sinosoft.service.business.ui.laqualidetails.bean.EffectiveDateBean">
	  insert into effectivedate(staffid,qualifitypecode,effectivedate,status,makeDate,flag)
	   values(#{staffid,jdbcType=VARCHAR}, #{qualifitypecode,jdbcType=VARCHAR}, #{effectivedate,jdbcType=DATE}, #{status,jdbcType=VARCHAR},#{makeDate,jdbcType=DATE}, #{flag,jdbcType=VARCHAR})
	</insert>
	
	<!-- 删除effectivedate数据 -->
	<delete id="deleteEffBystaffid" parameterType="String">
	 delete from effectivedate where staffid=#{staffid} and qualifitypecode=#{qualifitypecode} 		
	   <if test="flag !=null and flag != '' ">
		       and flag=#{flag}
		</if>
	</delete>
	
	
     <delete id="deleteEffectiveDate" parameterType="String">
   		 delete from effectivedate where 1=1 
    	 <if test="staffid !=null and staffid != '' ">
		 	and staffid=#{staffid}
		 </if>
		<if test="qualifitypecode !=null and qualifitypecode != '' ">
	 		and qualifitypecode=#{qualifitypecode}
		</if>
		<if test="flag !=null and flag != '' ">
		    and flag=#{flag}
	    </if>
     </delete>
	
	<!-- 基金从业人员 -->
	   <delete id="deleteCongyeData" parameterType="String">
		delete from PROFESSIONAL where flag=#{flag,jdbcType=VARCHAR}
	  </delete>
	  
	 <!-- 保险从业人员 --> 
	  <delete id="deleteInsuranceData" parameterType="String">
		delete from LCINSURANCENUM where flag=#{flag,jdbcType=VARCHAR}
	  </delete>
  
  
  </mapper>