<?xml version="1.0" encoding="UTF-8"?>
<!DOCTYPE mapper PUBLIC "-//mybatis.org//DTD Mapper 3.0//EN" "http://mybatis.org/dtd/mybatis-3-mapper.dtd">
<mapper namespace="com.sinosoft.service.business.db.dao.RouterAuthorizationDao">
  <resultMap id="BaseResultMap" type="com.sinosoft.service.business.db.vo.RouterAuthorizationVo">
    <id column="STAFFID" jdbcType="VARCHAR" property="staffid" />
    <id column="BRANCHCODE" jdbcType="VARCHAR" property="branchcode" />
    <result column="BRANCHNAME" jdbcType="VARCHAR" property="branchname" />
    <result column="OPERATOR" jdbcType="VARCHAR" property="operator" />
    <result column="MAKEDATE" jdbcType="DATE" property="makedate" />
    <result column="MAKETIME" jdbcType="VARCHAR" property="maketime" />
    <result column="MODIFYDATE" jdbcType="DATE" property="modifydate" />
    <result column="MODIFYTIME" jdbcType="VARCHAR" property="modifytime" />
    <result column="BAK1" jdbcType="VARCHAR" property="bak1" />
    <result column="BAK2" jdbcType="VARCHAR" property="bak2" /> 
  </resultMap> 
  
  <sql id="Base_Column_List"> 
    STAFFID, BRANCHCODE,BRANCHNAME, OPERATOR, MAKEDATE, MAKETIME, MODIFYDATE, MODIFYTIME, BAK1, 
    BAK2
  </sql>
  <select id="selectByPrimaryKey" parameterType="com.sinosoft.service.business.db.vo.RouterAuthorizationVo" resultMap="BaseResultMap">
    select 
    <include refid="Base_Column_List" />
    from REPORTAUTHORIZATION
    where STAFFID = #{staffid,jdbcType=VARCHAR}
      and BRANCHCODE = #{branchcode,jdbcType=VARCHAR} 
  </select>    
  <select id="selectByStaffId" parameterType="String" resultType="int">
    select 
    count(*)
    from REPORTAUTHORIZATION
    where STAFFID = #{staffid,jdbcType=VARCHAR}
  </select> 
  <select id="selectByStaffIdAndAddress" parameterType="String" resultType="com.sinosoft.service.business.db.vo.RouterAuthorizationVo">
    select 
    <include refid="Base_Column_List" />
    from REPORTAUTHORIZATION p
    where STAFFID = #{staffid,jdbcType=VARCHAR}
     <if test='mode=="2" and address !=null and address !=""'>
    and p.bak1 =#{address}
    </if>
     <if test='mode=="1" and area !=null and area !=""'>
    and p.branchcode in (select ld.comcode from ldcom ld where ld.bankplace =#{area})
    </if>
    order by p.branchcode 
  </select> 
  <select id="queryRouterbranch" parameterType="String" resultType="com.sinosoft.service.business.db.vo.RouterAuthorizationVo">
        select l.emplid  staffid,
               ld.comcode branchcode,
               ld.comname branchname,
               ld.address bak1
         from lduser l left join ldcom ld on ld.comcode = l.companycode where  l.emplid =#{staffid}         
         union  all
         select * from (      
         select p.staffid,p.branchcode,p.branchname,p.bak1 from reportauthorization p where p.staffid = #{staffid}
         and not exists (select 'X' from Lduser ld where p.branchcode = ld.companycode and ld.emplid =#{staffid})
          <if test='mode=="2" and address !=null and address !=""'>
    and p.bak1 =#{address}
    </if>
     <if test='mode=="1" and area !=null and area !=""'>
    and p.branchcode in (select ld.comcode from ldcom ld where ld.bankplace =#{area})
    </if>
         order by p.branchcode )
  </select>
  
  <select id="selectByEmplId" parameterType="String" resultType="int">
    select count(*) from lduser l where l.emplid =#{emplId}
  </select> 
  
  <delete id="deleteByStaffIdAndAddress" parameterType="com.sinosoft.service.business.db.vo.RouterAuthorizationVo">
    delete from REPORTAUTHORIZATION p
    where STAFFID = #{staffid,jdbcType=VARCHAR}
    <if test='mode=="2" and address !=null and address !=""'>
    and p.bak1 =#{address}
    </if>
     <if test='mode=="1" and area !=null and area !=""'>
    and p.branchcode in (select ld.comcode from ldcom ld where ld.bankplace =#{area})
    </if>
  </delete>
 
 <delete id="deleteByowrComcode" parameterType="com.sinosoft.service.business.db.vo.RouterAuthorizationVo">
    delete from REPORTAUTHORIZATION p
    where p.STAFFID = #{staffid,jdbcType=VARCHAR}
    and p.branchcode in (select ld.companycode from Lduser ld where p.branchcode = ld.companycode and ld.emplid =#{staffid})
  </delete> 
  
  <delete id="deleteByPrimaryKey" parameterType="com.sinosoft.service.business.db.vo.RouterAuthorizationVo">
    delete from REPORTAUTHORIZATION
    where STAFFID = #{staffid,jdbcType=VARCHAR}
    <if test='address !=null and address !=""'>
    and bak1 =#{address}
    </if>
  </delete>
  <insert id="insert" parameterType="com.sinosoft.service.business.db.vo.RouterAuthorizationVo">
    insert into REPORTAUTHORIZATION (STAFFID, BRANCHCODE,BRANCHNAME, OPERATOR, 
      MAKEDATE, MAKETIME, MODIFYDATE, 
      MODIFYTIME, BAK1, BAK2
      )
    values (#{staffid,jdbcType=VARCHAR}, #{branchcode,jdbcType=VARCHAR},#{branchname,jdbcType=VARCHAR}, #{operator,jdbcType=VARCHAR}, 
      #{makedate,jdbcType=DATE}, #{maketime,jdbcType=VARCHAR}, #{modifydate,jdbcType=DATE}, 
      #{modifytime,jdbcType=VARCHAR}, #{bak1,jdbcType=VARCHAR}, #{bak2,jdbcType=VARCHAR}
      )
  </insert>
  <insert id="insertSelective" parameterType="com.sinosoft.service.business.db.vo.RouterAuthorizationVo">
    insert into REPORTAUTHORIZATION
    <trim prefix="(" suffix=")" suffixOverrides=",">
      <if test="staffid != null">
        STAFFID,
      </if>
      <if test="branchcode != null">
        BRANCHCODE,
      </if>
      <if test="branchname != null">
        BRANCHNAME,
      </if>
      <if test="operator != null">
        OPERATOR,
      </if>
      <if test="makedate != null">
        MAKEDATE,
      </if>
      <if test="maketime != null">
        MAKETIME,
      </if>
      <if test="modifydate != null">
        MODIFYDATE,
      </if>
      <if test="modifytime != null">
        MODIFYTIME,
      </if>
      <if test="bak1 != null">
        BAK1,
      </if>
      <if test="bak2 != null">
        BAK2,
      </if>
    </trim>
    <trim prefix="values (" suffix=")" suffixOverrides=",">
      <if test="staffid != null">
        #{staffid,jdbcType=VARCHAR},
      </if>
      <if test="branchcode != null">
        #{branchcode,jdbcType=VARCHAR},
      </if>
      <if test="branchname != null">
        #{branchname,jdbcType=VARCHAR},
      </if>
      <if test="operator != null">
        #{operator,jdbcType=VARCHAR},
      </if>
      <if test="makedate != null">
        #{makedate,jdbcType=DATE},
      </if>
      <if test="maketime != null">
        #{maketime,jdbcType=VARCHAR},
      </if>
      <if test="modifydate != null">
        #{modifydate,jdbcType=DATE},
      </if>
      <if test="modifytime != null">
        #{modifytime,jdbcType=VARCHAR},
      </if>
      <if test="bak1 != null">
        #{bak1,jdbcType=VARCHAR},
      </if>
      <if test="bak2 != null">
        #{bak2,jdbcType=VARCHAR},
      </if>
    </trim>
  </insert>
  <update id="updateByPrimaryKeySelective" parameterType="com.sinosoft.service.business.db.vo.RouterAuthorizationVo">
    update REPORTAUTHORIZATION
    <set>
     <if test="branchname != null">
        BRANCHNAME = #{branchname,jdbcType=VARCHAR},
      </if>
      <if test="operator != null">
        OPERATOR = #{operator,jdbcType=VARCHAR},
      </if>
      <if test="makedate != null">
        MAKEDATE = #{makedate,jdbcType=DATE},
      </if>
      <if test="maketime != null">
        MAKETIME = #{maketime,jdbcType=VARCHAR},
      </if>
      <if test="modifydate != null">
        MODIFYDATE = #{modifydate,jdbcType=DATE},
      </if>
      <if test="modifytime != null">
        MODIFYTIME = #{modifytime,jdbcType=VARCHAR},
      </if>
      <if test="bak1 != null">
        BAK1 = #{bak1,jdbcType=VARCHAR},
      </if>
      <if test="bak2 != null">
        BAK2 = #{bak2,jdbcType=VARCHAR},
      </if>
    </set>
    where STAFFID = #{staffid,jdbcType=VARCHAR}
      and BRANCHCODE = #{branchcode,jdbcType=VARCHAR}
  </update>
  <update id="updateByPrimaryKey" parameterType="com.sinosoft.service.business.db.vo.RouterAuthorizationVo">
    update REPORTAUTHORIZATION
    set BRANCHNAME = #{branchname,jdbcType=VARCHAR}
      OPERATOR = #{operator,jdbcType=VARCHAR},
      MAKEDATE = #{makedate,jdbcType=DATE},
      MAKETIME = #{maketime,jdbcType=VARCHAR},
      MODIFYDATE = #{modifydate,jdbcType=DATE},
      MODIFYTIME = #{modifytime,jdbcType=VARCHAR},
      BAK1 = #{bak1,jdbcType=VARCHAR},
      BAK2 = #{bak2,jdbcType=VARCHAR}
    where STAFFID = #{staffid,jdbcType=VARCHAR}
      and BRANCHCODE = #{branchcode,jdbcType=VARCHAR}
  </update>
  
  <!-- 报文组装数据采集 -->
  <select id="selectByProposalcontno" parameterType="String" resultType="com.sinosoft.service.allianz.nonrealunderwrite.bean.NonRealUnderwriteReqBean">
  select 
   lc.transno  lcTransNO,
   concat(lc.insurancecom , shisuan.nextval)   transNo,
   lc.insurancecom insuComID,
   lc.proposalContNo proposalContNo,
  <!-- lc.finalProposalContNo finalProposalContNo,-->
   (case
    when lc.appflag ='14' and lc.chargecode='F' then '01'
    when lc.appflag ='07'  then '02'
    when lc.appflag ='13'  then '03'
    end
    )  as  uwResult,
   lc.contno contNo,
   lc.Sumprem sumPrem,
   lp.kindcode mainRiskCode,
   lp.payintv payIntv,
   lc.mult  count
 from lccont lc
 left join lcpol lp on lc.transno = lp.transno and lp.kindcode = lp.riskcode
 where lc.proposalcontno =#{proposalcontno}  
  </select>
  
  
  <select id="selriskByTransNO" parameterType="String" resultType="com.sinosoft.service.allianz.commonbean.RisksInfo">
 select 
 lm.riskname,
 lp.riskcode riskCode,
 decode(lp.mult,null,'',lp.mult) riskMult,
 lp.standprem standPrem_each,
 lp.prem riskPrem,
 lp.amnt riskAmnt,
 lp.insuyearflag insuYearFlag,
 lp.insuyear insuYear,
 lp.payendyearflag payEndYearFlag,
 lp.payendyear payEndYear
 from  lcpol lp 
 left join lmrisk lm on lp.riskcode = lm.riskcode
 where lp.transno = #{lctransNO}  
  </select>
  
  <select id="sellcByProposalcontno" parameterType="String" resultType="com.sinosoft.service.business.db.vo.LCContVo">
	select *  from lccont lc
    where lc.proposalcontno = #{proposalcontno}  
  </select>
  
  <select id="sellcaByProposalcontno" parameterType="String" resultType="com.sinosoft.service.business.db.vo.LCContVo">
	select 
	lc.transno,
	lc.managecom,
	lc.insurancecom,
	lc.proposalcontno,
	to_char(lc.polapplydate,'yyyyMMdd')  polapplydate,
	lc.sumprem,
	lc.accname,
	lc.bankaccno,
	lc.operator,
	lc.riskcode
	from lccont lc
    where lc.proposalcontno = #{proposalcontno}  
  </select>
  
  <select id="sellcaByTransno" parameterType="String" resultType="com.sinosoft.service.business.db.vo.LCAppntVo">
	select * from  LCAppnt la where la .transno =#{transno}
  </select>
  
  
  <select id="selinstwoByTransno" parameterType="String" resultType="com.sinosoft.service.allianz.tentative.bean.InsureInfo">
    select
  l.relationtoappnt relationtoappnt,
  l.lcinsuredtype lcinsuredtype,
  l.lcinsuredid lcinsuredid,
  l.lcinsuredname lcinsuredname,
  l.lcinsuredsex lcinsuredsex,
  to_char(l.lcinsuredbirthday,'yyyyMMdd') lcinsuredbirthday,
  l.lcinsuredage lcinsuredage,
  l.lcinsuredidtype lcinsuredidtype,
  l.lcinsuredidno lcinsuredidno,
  l.lcinsuredroccupationcode lcinsuredroccupationcode,
  decode(l.Stature,null,'',l.stature) stature, 
  decode(l.avoirdupois,null,'',l.avoirdupois) avoirdupois,
  l.lcinsuredcompany lcinsuredcompany,
  l.lcinsuredresponsibility lcinsuredresponsibility ,
  <!-- concat(concat(concat(p.provincename,c.cityname),cu.countyname),lc.postaladdress) address, -->
  p.provincename province,
  c.cityname city,
  cu.countyname area,
  lc.postaladdress details,
  lc.zipcode zipcode ,
  (case
    when lc.countrycodetel_mob is not null  then  concat(concat(lc.countrycodetel_mob, '-'), lc.mobile)
      else ''
    end                                                                                       
    )  as  mobile,                    
    (case
    when lc.countrycodetel_tel is not null  and lc.areacodetel is not null and lc.homephone is not null then concat(concat(concat(concat(lc.countrycodetel_tel, '-'), lc.areacodetel),'-' ),lc.homephone)  
      else ''
    end
    )  as  phone,
  lc.email email,
  l.rgtaddress rgtaddress,
  l.lcinsurednativeplace lcinsurednativeplace,
  to_char(l.insureidenddate,'yyyyMMDD') insureidenddate,
  l.lcinsuredbirthcounty lcinsuredbirthcounty ,
  l.taxtype taxtype,
  l.health health,
  l.relatoinsu relatoinsu,
  l.jade jade,
  l.coveredLocalSociomedical coveredLocalSociomedical from lcinsuredtwo l
  left join  lcaddress lc on l.transno =lc.transno and l.grpcontno =lc.customerno and lc.addressno=2
  left join province p on lc.postprovince =p.provinceid
  left join city c  on  lc.postcity = c.cityid
  left join county cu on lc.postdistrict = cu.countyid where l.transno=#{transno} and l.grpcontno =#{customerno}
  </select>
    
  <select id="selinstwoListByTransno" parameterType="String" resultType="com.sinosoft.service.allianz.tentative.bean.InsureInfo">
    select
  l.relationtoappnt relationtoappnt,
  l.lcinsuredtype lcinsuredtype,
  l.lcinsuredid lcinsuredid,
  l.bankcustomertype bankcustomertype,
  l.lcinsuredname lcinsuredname,
  l.lcinsuredsex lcinsuredsex,
  to_char(l.lcinsuredbirthday,'yyyyMMdd') lcinsuredbirthday,
  l.lcinsuredage lcinsuredage,
  l.lcinsuredidtype lcinsuredidtype,
  l.lcinsuredidno lcinsuredidno,
  l.lcinsuredroccupationcode lcinsuredroccupationcode,
  decode(l.Stature,null,'',l.stature) stature, 
  decode(l.avoirdupois,null,'',l.avoirdupois) avoirdupois,
  l.lcinsuredcompany lcinsuredcompany,
  l.lcinsuredresponsibility lcinsuredresponsibility ,
  <!-- concat(concat(concat(p.provincename,c.cityname),cu.countyname),lc.postaladdress) address, -->
  p.provincename province,
  c.cityname city,
  cu.countyname area,
  lc.postaladdress details,
  lc.zipcode zipcode ,
  (case
    when lc.countrycodetel_mob is not null  then  concat(concat(lc.countrycodetel_mob, '-'), lc.mobile)
      else ''
    end                                                                                       
    )  as  mobile,                    
    (case
    when lc.countrycodetel_tel is not null  and lc.areacodetel is not null and lc.homephone is not null then concat(concat(concat(concat(lc.countrycodetel_tel, '-'), lc.areacodetel),'-' ),lc.homephone)  
      else ''
    end
    )  as  phone,
  lc.email email,
  l.rgtaddress rgtaddress,
  l.lcinsurednativeplace lcinsurednativeplace,
  to_char(l.startingdate,'yyyyMMDD') startingdate,
  to_char(l.insureidenddate,'yyyyMMDD') insureidenddate,
  l.lcinsuredbirthcounty lcinsuredbirthcounty ,
  l.taxtype taxtype,
  l.health health,
  l.relatoinsu relatoinsu,
  l.jade jade,
  l.coveredLocalSociomedical coveredLocalSociomedical,
  l.renewCount renewCount from lcinsuredtwo l
  left join  lcaddress lc on l.transno =lc.transno and l.grpcontno =lc.customerno and lc.addressno=l.lcinsuredid
  left join province p on lc.postprovince =p.provinceid
  left join city c  on  lc.postcity = c.cityid
  left join county cu on lc.postdistrict = cu.countyid where l.transno=#{transno} and l.grpcontno =#{customerno}
  </select>
  
  <select id="selinsByTransno" parameterType="String" resultType="com.sinosoft.service.allianz.tentative.bean.InsureInfo">
  select
  l.relationtoappnt relationtoappnt,
  l.lcinsuredtype lcinsuredtype,
  l.lcinsuredid lcinsuredid,
  l.bankcustomertype bankcustomertype,
  l.lcinsuredname lcinsuredname,
  l.lcinsuredsex lcinsuredsex,
  to_char(l.lcinsuredbirthday,'yyyyMMdd') lcinsuredbirthday,
  l.lcinsuredage lcinsuredage,
  l.lcinsuredidtype lcinsuredidtype,
  l.lcinsuredidno lcinsuredidno,
  l.lcinsuredroccupationcode lcinsuredroccupationcode,
  decode(l.Stature,null,'',l.stature) stature, 
  decode(l.avoirdupois,null,'',l.avoirdupois) avoirdupois,
  l.lcinsuredcompany lcinsuredcompany,
  l.lcinsuredresponsibility lcinsuredresponsibility ,
  <!-- concat(concat(concat(p.provincename,c.cityname),cu.countyname),lc.postaladdress) address, -->
  p.provincename province,
  c.cityname city,
  cu.countyname area,
  lc.postaladdress details,
  lc.zipcode zipcode ,
  (case
    when lc.countrycodetel_mob is not null  then  concat(concat(lc.countrycodetel_mob, '-'), lc.mobile)
      else ''
    end                                                                                       
    )  as  mobile,                    
    (case
    when lc.countrycodetel_tel is not null  and lc.areacodetel is not null and lc.homephone is not null then concat(  concat(concat(concat(lc.countrycodetel_tel, '-'), lc.areacodetel),'-' ),lc.homephone )  
      else ''
    end
    )  as  phone,
  lc.email email,
  l.rgtaddress rgtaddress,
  l.lcinsurednativeplace lcinsurednativeplace,
  to_char(l.startingdate,'yyyyMMDD') startingdate,
  to_char(l.insureidenddate,'yyyyMMDD') insureidenddate,
  l.lcinsuredbirthcounty lcinsuredbirthcounty ,
  l.taxtype taxtype,
  l.health health, 
  l.jade jade, 
  l.coveredLocalSociomedical coveredLocalSociomedical,
  l.renewCount renewCount from lcinsured l
  left join  lcaddress lc on l.transno =lc.transno and l.grpcontno =lc.customerno and lc.addressno=1
  left join province p on lc.postprovince =p.provinceid
  left join city c  on  lc.postcity = c.cityid
  left join county cu on lc.postdistrict = cu.countyid where l.transno=#{transno} and l.grpcontno =#{customerno}
  </select>
  
  <!-- 附加险被保人查询 接口调用--> 
  <select id="selectOtherInsureInfoByTransno" parameterType="String" resultType="com.sinosoft.service.allianz.tentative.bean.InsureInfo">
      select
	  l.relationtoappnt relationtoappnt,
	  l.lcinsuredtype lcinsuredtype,
	  l.lcinsuredid lcinsuredid,
	  l.bankcustomertype bankcustomertype,
	  l.lcinsuredname lcinsuredname,
	  l.lcinsuredsex lcinsuredsex,
	  to_char(l.lcinsuredbirthday,'yyyyMMdd') lcinsuredbirthday,
	  l.lcinsuredage lcinsuredage,
	  l.lcinsuredidtype lcinsuredidtype,
	  l.lcinsuredidno lcinsuredidno,
	  l.lcinsuredroccupationcode lcinsuredroccupationcode,
	  decode(l.Stature,null,'',l.stature) stature, 
	  decode(l.avoirdupois,null,'',l.avoirdupois) avoirdupois,
	  l.lcinsuredcompany lcinsuredcompany,
	  l.lcinsuredresponsibility lcinsuredresponsibility ,
	  <!-- concat(concat(concat(p.provincename,c.cityname),cu.countyname),lc.postaladdress) address, -->
	  p.provincename province,
	  c.cityname city,
	  cu.countyname area,
	  lc.postaladdress details,
	  lc.zipcode zipcode ,
	  (case
	    when lc.countrycodetel_mob is not null  then  concat(concat(lc.countrycodetel_mob, '-'), lc.mobile)
	      else ''
	    end                                                                                       
	    )  as  mobile,                    
	    (case
	    when lc.countrycodetel_tel is not null  and lc.areacodetel is not null and lc.homephone is not null then concat(concat(concat(concat(lc.countrycodetel_tel, '-'), lc.areacodetel),'-' ),lc.homephone)  
	      else ''
	    end
	    )  as  phone,
	  lc.email email,
	  l.rgtaddress rgtaddress,
	  l.lcinsurednativeplace lcinsurednativeplace,
      to_char(l.startingdate,'yyyyMMDD') startingdate,
	  to_char(l.insureidenddate,'yyyyMMDD') insureidenddate,
	  l.lcinsuredbirthcounty lcinsuredbirthcounty ,
	  l.taxtype taxtype,
	  l.health health,
	  l.relatoinsu relaToInsured,
	  l.jade jade,
	  l.coveredLocalSociomedical coveredLocalSociomedical,
	  l.relatopolicy relaToPolicy,
      l.renewCount renewCount
	  from otherinsured l 
	  left join  otherinsuredlcaddress lc on l.transno =lc.transno and l.grpcontno =lc.customerno and lc.addressno=l.lcinsuredid
	  left join province p on lc.postprovince =p.provinceid
	  left join city c  on  lc.postcity = c.cityid
	  left join county cu on lc.postdistrict = cu.countyid where l.transno=#{transno} and l.grpcontno =#{customerno}
  </select>
  
  
   
 <select id="selbnfByTransno" parameterType="String" resultType="com.sinosoft.service.allianz.tentative.bean.BnfInfo">
	select
	lc.transno,
    lc.bnfno,  
	lc.bnftype bnftype,
	lc.name name,
	lc.sex sex,
	to_char(lc.birthday,'yyyyMMDD') birthday,
	lc.Idtype idtype,
	lc.Idno idno,
    to_char(lc.startingdate,'yyyyMMDD') startingdate,
    to_char(to_date(lc.bnfvalidYear,'yyyy-MM-dd'),'yyyyMMDD') bnfvalidYear,
	lc.renewCount renewCount
	from lcbnf lc where lc.transno= #{transno}
  </select> 
 
 <select id="selmainpolByTransno" parameterType="String" resultType="com.sinosoft.service.business.db.vo.lcpolVo">
	SELECT  
    lc.mainpolno mainpolno,
 	to_char(lc.Cvalidate,'yyyyMMDD') Cvalidate,
	lc.payintv,
    lc.pdfoption,
    lc.aploption,
    lc.bonusgetmode,
    lc.paymode
    FROM lcpol  lc  where lc.kindcode = lc.riskcode and lc.transno= #{transno}
  </select>
  
   <select id="selRiskCodeByTransno" parameterType="String" resultType="com.sinosoft.service.business.db.vo.lcpolVo">
	SELECT  
    lc.riskcode riskcode,
 	to_char(lc.Cvalidate,'yyyyMMDD') Cvalidate,
	lc.payintv,
    lc.pdfoption,
    lc.aploption,
    lc.bonusgetmode,
    lc.paymode
    FROM lcpol  lc  where lc.kindcode = lc.riskcode and lc.transno= #{transno}
  </select>
  
  <select id="selpolsByTransno" parameterType="String" resultType="com.sinosoft.service.allianz.tentative.bean.LcoplInfo">
	select 
    lc.type type,
    lc.plan plan,
    lc.occupationalclass occupationalclass,
	lc.riskcode riskcode,
	lc.kindcode kindcode,
	lc.mainpolno mainpolno,
    lc.additionalprem additionalprem,
	lc.sumprem prem,
	lc.amnt amnt,
	lc.payendyearflag payendyearflag,
	REGEXP_REPLACE (lc.Payendyear,  '[^0-9]+',  '') payendyear,
	lc.insuyearflag insuyearflag,
    lc.annuityca annuityca,
    lc.annuityincamnt annuityincamnt,
	lc.uniontype,
	lc.unioncontno1,
	lc.unioncontno2,
	REGEXP_REPLACE (lc.Insuyear,  '[^0-9]+',  '') insuyear ,
	lc.getyearflag getyearflag,
	decode(lc.Getyear,null,0,lc.Getyear) getyear,
	lc.bonusgetage bonusgetage,
    lc.maininsured maininsured,
    lc.otherinsuredflag otherinsuredflag  
	from lcpol lc where lc.transno= #{transno}
  </select> 
  
  <select id="selaccByTransno" parameterType="String" resultType="com.sinosoft.service.allianz.tentative.bean.AccountInfo">
    select 
	lc.riskcode riskcode ,
	lc.accno accNo,
	lc.accrate rate,
	lc.investmentaccount investmentaccount
    from lcaccountInfo lc where lc.transno=#{transno}
  </select>
  
  <select id="selrisksBycustomer" parameterType="String" resultType="com.sinosoft.service.allianz.mobilez.querypol.bean.Risk">
  select 
  lm.riskname riskname, 
  lc.insurancecom insuCompany,
  lc.contno contNo,
    lc.appntname appName,
    to_char(lc.cvalidate,'yyyyMMDD') IssueDate,
    (case
    when lc.chargecode='S'and lc.effectivedate is not null then 'A'
    else 'W'
    end
    )  as  contStatus,
   'https://ybtappuat.cn.hsbc:20119/ybt_sit/Mobilez/download/pdf/text.pdf/HSBCPolicyANZL.do' as fileID
   from lccont lc ， lmrisk lm
	where  lc.riskcode = lm.riskcode and
	lc.grpcontno =#{customerID} 
  </select>
  
   <select id="selriskByProsalno" parameterType="String" resultType="com.sinosoft.service.allianz.mobilez.querypol.bean.Risk">
    select 
    lm.riskname riskname, 
    la.name insuCompany,
    lc.contno contNo,
    lc.appntname appName,
    to_char(lc.cvalidate,'yyyyMMDD') issueDate,
    (case
      when lc.polreceiptdate is not null and lc.polreceiptdate！='19000101' then 'A'
      
      when lc.polreceiptdate is not null and lc.polreceiptdate ='19000101' then 'N'
      else 'W'
      end
      )  as  contStatus
     from lccont lc 
     left join lmrisk lm on lc.riskcode = lm.riskcode
     left join lacom la on la.agentcom = lc.insurancecom 
	 where lc.proposalcontno =#{proposalcontno}
  </select>
  <select id="selDesByProposalcontno" parameterType="String" resultType="String">
  select concat(concat(ld.description,':'),ld.cndescription) from  
 (SELECT t.*,ROW_NUMBER() OVER(PARTITION BY t.proposalprtno ORDER BY t.modifydate DESC,t.modifytime desc) RN
  FROM tranlog t where t.funcflag='debit' )  tr   
  left join  ldhubflag  ld on  ld.brccode= tr.rcode where tr.rn=1 and tr.proposalprtno=#{proposalcontno} 
  </select>
  <select id="selLcByContNO" parameterType="String" resultType="com.sinosoft.service.business.db.vo.LCContVo">
  select * from lccont  l where l.contno =#{contNo}
  </select>
  
  
   <update id="updateLcoplByBatch" parameterType="java.util.List" useGeneratedKeys="false">
    BEGIN  
   <foreach collection="list" item="item" separator=";"> 
    update LCPOL
    <set >
      <if test="item.contno != null" >
        CONTNO = #{item.contno,jdbcType=VARCHAR},
      </if>
      <if test="item.proposalno != null" >
        PROPOSALNO = #{item.proposalno,jdbcType=VARCHAR},
      </if>
      <if test="item.mult != null" >
        MULT = #{item.mult,jdbcType=DECIMAL},
      </if>
      <if test="item.standprem != null" >
        STANDPREM = #{item.standprem,jdbcType=DECIMAL},
      </if>
      <if test="item.prem != null" >
        SUMPREM = #{item.sumprem,jdbcType=DECIMAL},
      </if>
      <if test="item.prem != null" >
        PREM = #{item.prem,jdbcType=DECIMAL},
      </if>
       <if test="item.amnt != null" >
        AMNT = #{item.amnt,jdbcType=DECIMAL},
      </if>
      <if test="item.insuyearflag != null" >
        INSUYEARFLAG = #{item.insuyearflag,jdbcType=VARCHAR},
      </if>
      <if test="item.insuyear != null" >
        INSUYEAR = #{item.insuyear,jdbcType=VARCHAR},
      </if>
      <if test="item.payendyearflag != null" >
        PAYENDYEARFLAG = #{item.payendyearflag,jdbcType=VARCHAR},
      </if>
       <if test="item.payendyear != null" >
        PAYENDYEAR = #{item.payendyear,jdbcType=VARCHAR},
      </if>
      <if test="item.payintv != null" >
        PAYINTV = #{item.payintv,jdbcType=VARCHAR},
      </if>
      <if test="item.modifydate != null" >
        MODIFYDATE = #{item.modifydate,jdbcType=DATE},
      </if>
      <if test="item.modifytime != null" >
        MODIFYTIME = #{item.modifytime,jdbcType=VARCHAR},
      </if>
    </set>
    where 
    ( mainpolno= #{item.riskcode,jdbcType=VARCHAR}
    or  riskcode=#{item.riskcode,jdbcType=VARCHAR}
    )
    and proposalno=#{item.proposalno,jdbcType=VARCHAR}
    </foreach>  
        ;END; 
  </update>
  
  
   <update id="updateLCContByBatch" parameterType="java.util.List" useGeneratedKeys="false">
    BEGIN  
   <foreach collection="list" item="item" separator=";">
        update LCCONT
        <set>
            <if test="item.proposalcontno != null">
                PROPOSALCONTNO = #{item.proposalcontno,jdbcType=VARCHAR},
            </if>
            <if test="item.contno !=null">
                CONTNO=#{item.contno,jdbcType=VARCHAR},
            </if>
         	<if test="item.appflag != null">
                APPFLAG = #{item.appflag,jdbcType=VARCHAR},
            </if>
			 <if test="item.sumprem != null">
                SUMPREM = #{item.sumprem,jdbcType=DECIMAL},
            </if>
         	<if test="item.finalproposalcontno != null">
                finalproposalcontno = #{item.finalproposalcontno,jdbcType=VARCHAR},
            </if> 
         	<if test="item.standprem != null">
                standprem = #{item.standprem,jdbcType=DECIMAL},
            </if>
            <if test="item.modifydate != null" >
	        MODIFYDATE = #{item.modifydate},
	       </if>
	       <if test="item.modifytime != null" >
	        MODIFYTIME = #{item.modifytime,jdbcType=VARCHAR},
           </if>  
           <if test="item.payexpirydate != null" >           
	        payexpirydate = #{item.payexpirydate},
           </if>      
        </set>
        where TRANSNO = #{item.transno,jdbcType=VARCHAR}
        and PROPOSALCONTNO=#{item.proposalcontno,jdbcType=VARCHAR}
	</foreach>  
        ;END; 
    </update>
    
<!--     <insert id="addnorealDate" parameterType="java.util.List" useGeneratedKeys="false">
    BEGIN  
       <foreach collection="list" item="item" separator=";">  
       insert 
       when(not exists(select contno from LCNOTCONCLUSION where contno=#{item.contno,jdbcType=VARCHAR}))
       then into 
       LCNOTCONCLUSION 
       (CONTNO, 
       INSURANCECOM, 
       DEBITSTATUS, 
       DEBITDATE,
       CONCLUSION, 
       PREM, 
       MAKEDATE,
       MAKETIME, 
       MODIFYDATE, 
       MODIFYTIME)
      values ( 
	    #{item.contno,jdbcType=VARCHAR}, 
	    #{item.insurancecom,jdbcType=VARCHAR},
	    #{item.debitstatus,jdbcType=VARCHAR}, 
	    #{item.debitdate,jdbcType=DATE},
	    #{item.conclusion,jdbcType=VARCHAR}, 
	    #{item.prem,jdbcType=DECIMAL}, 
	    #{item.makedate,jdbcType=DATE}, 
	    #{item.maketime,jdbcType=VARCHAR}, 
	    #{item.modifydate,jdbcType=DATE}, 
	    #{item.modifytime,jdbcType=VARCHAR})
	   select #{item.contno,jdbcType=VARCHAR} from dual
    </foreach>  
        ;END; 
  </insert> -->
  
  <update id="updateNorealDate"  parameterType="java.util.List" useGeneratedKeys="false">
        BEGIN  
   <foreach collection="list" item="item" separator=";">
       update LCNOTCONCLUSION
        <set>
            <if test="item.insurancecom != null">
                INSURANCECOM = #{item.insurancecom,jdbcType=VARCHAR},
            </if>
            <if test="item.debitstatus != null">
                DEBITSTATUS = #{item.debitstatus,jdbcType=VARCHAR},
            </if>
            <if test="item.debitdate != null">
                DEBITDATE = #{item.debitdate,jdbcType=DATE},
            </if>
            <if test="item.conclusion != null">
                CONCLUSION = #{item.conclusion,jdbcType=VARCHAR},
            </if>
            <if test="item.prem != null">
                PREM = #{item.prem,jdbcType=DECIMAL},
            </if>
            <if test="item.makedate != null">
                MAKEDATE = #{item.makedate,jdbcType=DATE},
            </if>
            <if test="item.maketime != null">
                MAKETIME = #{item.maketime,jdbcType=VARCHAR},
            </if>
            <if test="item.modifydate != null">
                MODIFYDATE = #{item.modifydate,jdbcType=DATE},
            </if>
            <if test="item.modifytime != null">
                MODIFYTIME = #{item.modifytime,jdbcType=VARCHAR},
            </if>
            <if test="item.conclusiondate != null">
                CONCLUSIONDATE = #{item.conclusiondate,jdbcType=DATE},
            </if>
            <if test="item.debitenddate != null">
                DEBITENDDATE = #{item.debitenddate,jdbcType=DATE},
            </if>
            <if test="item.paymentflag != null">
                PAYMENTFLAG = #{item.paymentflag,jdbcType=VARCHAR},
            </if>
        </set>
        where CONTNO = #{item.contno,jdbcType=VARCHAR}
	</foreach>  
        ;END; 
  </update>
  
  <select id="selPayMentByTransno" parameterType="String" resultType="com.sinosoft.service.business.db.vo.PaymentBranch">
  	select * from paymentbranch pa where pa.transno =#{transno} and  pa.accountholder =#{accountholder}
  </select>
  
  <select id="selPayMentsByTransno" parameterType="String" resultType="com.sinosoft.service.business.db.vo.PaymentBranch">
  	select * from paymentbranch pa where pa.transno =#{transno} 
  </select>
  <select id="selLccontListByCif" parameterType="String" resultType="com.sinosoft.service.business.db.vo.LCContVo">
  	  select * from lccont l where l.polreceiptdate is null and l.grpcontno =#{customerID} 
  	          and l.chargecode ='S' and l.appflag in ('02','12','14') and l.insurancecom not in ('PALI','AXA')
  </select>
  
  <select id="selLccontListByCifs" parameterType="String" resultType="com.sinosoft.service.business.db.vo.LCContVo">
  	  select * from lccont l where l.grpcontno =#{customerID} and l.chargecode ='S' and l.appflag in ('02','12','14')
  	  and l.insurancecom not in ('PALI','AXA')
  	  <!-- union
      select * from lccont l where l.grpcontno =#{customerID} and l.chargecode ='S' and l.appflag in ('02','12','14')
      and l.insurancecom = 'AXA' and l.commonchannel ='DG' -->
  </select> 
  <update id="updateReceiptDate" parameterType="java.util.List" useGeneratedKeys="false">
    BEGIN  
   <foreach collection="list" item="item" separator=";">
        update LCCONT
        <set>
            <if test="item.polreceiptDate != null">
                POLRECEIPTDATE = #{item.polreceiptDate,jdbcType=VARCHAR},
            </if>                 
        </set>
        where TRANSNO = #{item.transno,jdbcType=VARCHAR}
        and CONTNO=#{item.contno,jdbcType=VARCHAR}
	</foreach>  
        ;END; 
    </update>
    
    <update id="updateonlyReceiptDate" parameterType="com.sinosoft.service.business.db.vo.LCContVo">
        update LCCONT
        <set>
            <if test="polreceiptDate != null">
                POLRECEIPTDATE = #{polreceiptDate,jdbcType=VARCHAR},
            </if>                 
        </set>
        where TRANSNO = #{transno,jdbcType=VARCHAR}
        and CONTNO=#{contno,jdbcType=VARCHAR}
    </update>
    
    <select id="selreleBytransnoAndcode" parameterType="String" resultType="com.sinosoft.service.business.db.vo.RiskReletionInsuredVo">
  	select * from RiskReletionInsured pa where pa.transno =#{transno} and pa.riskcode =#{riskcode} 
  </select>
    <select id="selreleBytransnoAndcodeone" parameterType="String" resultType="com.sinosoft.service.business.db.vo.RiskReletionInsuredVo">
  	select * from RiskReletionInsured pa where pa.transno =#{transno} and pa.riskcode =#{riskcode} and pa.insuid =#{insuredid} 
   </select>
    <select id="selectCompany" resultType="com.sinosoft.service.business.ui.excelreport.been.Lccompany">
    	select
    	l.agentcom agentcom,
    	l.name name
    	from lacom  l where  l.states='3'
    </select>
    <select id="selectCompanyother" resultType="com.sinosoft.service.business.ui.excelreport.been.Lccompany">
    	select
    	l.agentcom agentcom,
    	l.name name
    	from lacom  l where  l.states='3' 
    </select> 
    <select id="selsctAllEsignDate" resultType="com.sinosoft.service.business.ui.excelreport.been.EsignReportBean">
    	select  
		l.insurancecom insurancecom,
		l.contno contno,
		l.proposalcontno proposalcontno,
		l.managecom managecom,
		l.operator operator,
		to_char(l.polapplydate,'yyyy-MM-DD') polapplydate,
		To_char(l.cvalidate,'yyyy-MM-DD')  cvalidate,
		To_char(lc.debitdate,'yyyy-MM-DD') debitdate,
		(case 
		  when l.esignflag ='E' then '是'
		  else '否'
		end) esignflag,
		(case 
		  when lC.uploadflag ='Y' then '是'
		  else ''
		end) uploadflag,
		(case 
		  when l.appflag ='12' then '线上核保成功'
		  when l.appflag ='14' then '线下核保成功'
		  when l.appflag ='09' then '线下待核保'
		  when l.appflag ='05' then '犹豫期退保'
		  when l.appflag ='07' then '已退'
		end) appflag,
		(case 
		  when l.chargecode in ('W','F') then '待扣'
		  when l.chargecode in ('S') then '扣款成功'
		  when l.chargecode in ('E') then '扣款异常'
		  when l.chargecode in ('C') then '已退'
		end) chargecode,
		l.sumprem prem,
		lm.riskcode riskcode,
		lm.riskname riskname
		from lccont l left join lcnotconclusion lc on l.proposalcontno = lc.contno
		left join lmrisk lm on l.riskcode = lm.riskcode 
		where l.Polapplydate &gt;=#{startdate}  and l.Polapplydate &lt;=#{enddate}
		and l.appflag in ('12','09','14','07','05') and l.operator !='ybt'  and l.insurancecom in ('ANZL','INSH','MELI')
		order by l.insurancecom,l.polapplydate,l.proposalcontno
    </select>
    
    <select id="selsctAllReceiptDate" resultType="com.sinosoft.service.business.ui.excelreport.been.PolreceiptReport">
    	Select 
		l.insurancecom insurancecom,
		lk.subriskver product,
		ld.dvcode devcode,
		f.cityname city ,
		ld.comcode  branchcode,
		ld.comname branchname,
		l.Operator rmid,
		l.grpcontno customerid,
		To_char(l.cvalidate,'yyyy-MM-DD')  cvalidate,
		l.proposalcontno proposalcontno ,
		l.contno contno ,
		To_char(to_date(l.polreceiptdate,'yyyy-MM-DD'),'yyyy-MM-DD')  polreceiptdate,
		(Case
		 When t.rcode Is Not Null Then '是'
		End)　isMZReceipt
		 From lccont l
		Left Join lcnotconclusion lc On l.proposalcontno = lc.contno
		Left Join lmrisk lk On l.riskcode = lk.riskcode
		Left Join ldcom ld On l.managecom = ld.comcode
		left join areacodefull f on f.citycode = ld.address
		Left Join tranlog t On t.proposalprtno = l.proposalcontno And  t.funcflag ='MZ02' And t.rcode='0000'
		Where  lc.debitdate &gt;=#{startdate}  and lc.debitdate &lt;=#{enddate} 
		And  l.appflag In ('02','14','12')  And l.chargecode ='S' 
		And l.insurancecom !='PALI' Order By l.insurancecom,l.proposalcontno

    	
    </select>

    <select id="queryTransactionReportRoles" parameterType="String" resultType="String">
        select distinct 'X' from ldusertomenugrp lt inner join Ldmenugrpa lm
        on lt.menugrpcode = lm.menugrpcode where lt.usercode =#{operator}
        and lm.menugrpname in ('SALE_MANAGER','SALE_SUPPORT','DM','Regional_TEAM','Digital/Branch QA')
    </select>

    <select id="queryAdminRoles" parameterType="String" resultType="String">
        select distinct 'X' from ldusertomenugrp lt inner join Ldmenugrpa lm
        on lt.menugrpcode = lm.menugrpcode where lt.usercode =#{operator}
        and lm.menugrpname in ('Product Team','ALL','ADMIN')
    </select>

</mapper>