<?xml version="1.0" encoding="UTF-8"?>
<!DOCTYPE mapper PUBLIC "-//mybatis.org//DTD Mapper 3.0//EN" "http://mybatis.org/dtd/mybatis-3-mapper.dtd">
<mapper namespace="com.sinosoft.service.business.db.dao.UserManageExtDao">
	<resultMap id="BaseResultMap" type="com.sinosoft.service.business.db.vo.SYSUserVo">
    <result column="EMPLID" jdbcType="VARCHAR" property="emplID" />
    <result column="COMPANYCODE" jdbcType="VARCHAR" property="companyCode" />
    <result column="COMPANYCODEs" jdbcType="VARCHAR" property="companyCodes" />
    <result column="COMPANYNAME" jdbcType="VARCHAR" property="companyName" />
    <result column="COMPANYNAME" jdbcType="VARCHAR" property="companyName" />
    <result column="LOCATIONCODE" jdbcType="VARCHAR" property="locationCode" />
    <result column="LOCATIONNAME" jdbcType="VARCHAR" property="locationName" />
    <result column="DEPTID" jdbcType="VARCHAR" property="deptId" />
    <result column="DEPARTMENT" jdbcType="VARCHAR" property="department" />
    <result column="COSTCENTRE" jdbcType="VARCHAR" property="costCentre" />
    <result column="EMPLRCD" jdbcType="VARCHAR" property="emplrcd" />
    <result column="NAME" jdbcType="VARCHAR" property="name" />
	<result column="preferredFirstName" jdbcType="VARCHAR" property="preferredFirstName" />
	<result column="jobCode" jdbcType="VARCHAR" property="jobCode" />
	<result column="positionCode" jdbcType="VARCHAR" property="positionCode" />
	<result column="positionTitle" jdbcType="VARCHAR" property="positionTitle" />
    <result column="JOBTITLE" jdbcType="VARCHAR" property="jobtitle" />
    <result column="REPORTSTO" jdbcType="VARCHAR" property="reportsto" />
    <result column="MANAGERTITLE" jdbcType="VARCHAR" property="managertitle" />
    <result column="MANAGERID" jdbcType="VARCHAR" property="managerid" />
    <result column="MANAGERNAME" jdbcType="VARCHAR" property="managername" />
    <result column="HIREDATE" jdbcType="DATE" property="hireDate" />
    <result column="REHIREDATE" jdbcType="DATE" property="rehireDate" />
    <result column="TERMINATIONDATE" jdbcType="DATE" property="terminationdate" />
    <result column="EMPLCLASS" jdbcType="VARCHAR" property="emplclass" />
    <result column="ACTNDATE" jdbcType="DATE" property="actndate" />
    <result column="ACTNRSNEFFDT" jdbcType="DATE" property="actnrsneffdt" />
    <result column="FUNCTIONALMGR" jdbcType="VARCHAR" property="functionalmgr" />
    <result column="POSNDESCR" jdbcType="VARCHAR" property="posndescr" />
    <result column="FUNCMGREMPLID" jdbcType="VARCHAR" property="funcmgremplid" />
    <result column="FUNCMGRNAME" jdbcType="VARCHAR" property="funcmgrname" />
    <result column="HRL1DESCR" jdbcType="VARCHAR" property="hrl1descr" />
    <result column="HRL2DESCR" jdbcType="VARCHAR" property="hrl2descr" />
    <result column="HRL3DESCR" jdbcType="VARCHAR" property="hrl3descr" />
    <result column="HRL4DESCR" jdbcType="VARCHAR" property="hrl4descr" />
    <result column="HRL5DESCR" jdbcType="VARCHAR" property="hrl5descr" />
    <result column="STATUS" jdbcType="VARCHAR" property="status" />
    <result column="OPERATOR" jdbcType="VARCHAR" property="operator" />
    <result column="MAKEDATE" jdbcType="DATE" property="makeDate" />
    <result column="MAKETIME" jdbcType="VARCHAR" property="makeTime" />
    <result column="MODIFYDATE" jdbcType="DATE" property="modifyDate" />
    <result column="MODIFYTIME" jdbcType="VARCHAR" property="modifyTime" />
    <result column="flag" jdbcType="VARCHAR" property="flag" />
	
	
	<result column="branchcode" jdbcType="VARCHAR" property="branchcode" />
    <result column="type" jdbcType="VARCHAR" property="type" />
    <result column="region" jdbcType="VARCHAR" property="region" />
    <result column="employmenttype" jdbcType="VARCHAR" property="employmenttype" />
    <result column="probationdate" jdbcType="DATE" property="probationdate" />
    <result column="tenure" jdbcType="VARCHAR" property="tenure" />
    <result column="jobcategory" jdbcType="VARCHAR" property="jobcategory" />
    <result column="employeeid" jdbcType="VARCHAR" property="employeeid" />
    <result column="employeename" jdbcType="VARCHAR" property="employeename" />
    <result column="employeename" jdbcType="VARCHAR" property="employeename" />
	 
	
  </resultMap>
  <sql id="Base_Column_List">
  emplID,companyCode,companyCodes,companyName,locationCode,locationName,deptId,department,costCentre,emplrcd,name,
  preferredFirstName,positionCode,positionTitle,jobCode,jobtitle,reportsto,managertitle,managerid,managername,hireDate,rehireDate,terminationdate,emplclass
  ,actndate,actnrsneffdt,functionalmgr,posndescr,funcmgremplid,funcmgrname,hrl1descr,hrl2descr,hrl3descr,hrl4descr,hrl5descr,status,operator,flag,branchcode,type,region,employmenttype,probationdate,tenure,jobcategory,employeeid,employeename,emailaddress
  </sql>

<select id="selectByJobcode" parameterType="String" resultType="com.sinosoft.service.business.db.vo.JobCodeVo" >
  select * from jobcode where 1=1
   <if test="positionTitle != null and positionTitle !=''">
    and trim(upper(positionTitle)) = trim(upper(#{positionTitle,jdbcType=VARCHAR}))
   </if>
   and rownum=1
</select>


  <select id="queryList11" resultMap="BaseResultMap" parameterType="com.sinosoft.service.business.db.vo.SYSUserVo"> 
  select a.*
  from lduser where 1=1
   a        
  <if test="emplID != null and emplID!=''">
    and emplID = #{emplID,jdbcType=VARCHAR}
   </if>
    <if test="name != null and name!=''">
    and name = #{name,jdbcType=VARCHAR}
  </if>
  </select>
  
 <select id="selectEmplid" resultMap="BaseResultMap" parameterType="com.sinosoft.service.business.db.vo.SYSUserVo"> 
  select emplID
  from lduser
   a  where 1=1
  and  companycode 
  in
  (select distinct(companycode) from lduser where jobCode like '%'||(select substr(jobcode,3) from jobcode where emplid=#{emplID,jdbcType=VARCHAR})||'%'   )
   
  </select>
  
  
  
  <select id="queryLists" resultMap="BaseResultMap" parameterType="com.sinosoft.service.business.db.vo.SYSUserVo">  
 select * from lduser a
	   where 1=1
	   <if test="emplID != null and emplID!=''">
        and emplID = #{emplID,jdbcType=VARCHAR}
       </if>
       <if test="name != null and name!=''">
        and name = #{name,jdbcType=VARCHAR}
      </if>
      <if test="flag != null and flag !=''">
        and flag = #{flag,jdbcType=VARCHAR}
      </if>
  </select>
  
    <select id="queryLduserA" resultType="com.sinosoft.service.business.db.vo.SYSUserVo" parameterType="com.sinosoft.service.business.db.vo.SYSUserVo"> 
  	    select   emplID,companyCode,companyCodes,companyName,locationCode,locationName,deptId,department,costCentre,emplrcd,name,
  preferredFirstName,positionCode,positionTitle,jobCode,jobtitle,reportsto,managertitle,managerid,managername,hireDate,rehireDate,terminationdate,emplclass
  ,actndate,actnrsneffdt,functionalmgr,posndescr,funcmgremplid,funcmgrname,hrl1descr,hrl2descr,hrl3descr,hrl4descr,hrl5descr,status,operator,flag,branchcode,type,employmenttype,probationdate,tenure,jobcategory,employeeid,employeename,emailaddress
  ,
           (select salesrole1
              from jobcode
             where jobcode like
                   concat('%', concat(substr(a.jobcode, 3), '%'))
               and rownum = 1) as salesrole1,
           (select salesrole2
              from jobcode
             where jobcode like
                   concat('%', concat(substr(a.jobcode, 3), '%'))
               and rownum = 1) as salesrole2,
                         (select l.region
            from regionall l
           where trim(UPPER(l.department)) = trim(UPPER(a.department))
             and rownum = 1) region,
         (select l.subbranch
            from regionall l
           where trim(UPPER(l.department)) = trim(UPPER(a.department))
             and rownum = 1) subbranch
      from lduser a

      	<where>
       <if test="emplID != null and emplID!=''">
        and emplID = #{emplID,jdbcType=VARCHAR}
       </if>
       <if test="city != null and city!=''">
       and locationCode like concat('%',concat(#{city,jdbcType=VARCHAR},'%'))
      </if>
	  <if test="region != null and region!=''">
        and trim(UPPER(department)) in (select trim(UPPER(department)) from regionall l where l.region=#{region,jdbcType=VARCHAR})
       </if>
       <if test="subBranch != null and subBranch!=''">
       and trim(UPPER(department)) in (select trim(UPPER(department)) from regionall l where l.subBranch=#{subBranch,jdbcType=VARCHAR})
       </if>
       </where>
       order by positiontitle desc
  </select>
  
  
  <select id="selectByUid" resultMap="BaseResultMap" parameterType="com.sinosoft.service.business.db.vo.SYSUserVo">
  
   	select a.*
    from lduser
    a   where 1=1
    <if test="emplID != null and emplID!=''">
     and emplID = #{emplID,jdbcType=VARCHAR}
    </if>
  
  </select>
  
  
  <select id="selectByemplID" resultMap="BaseResultMap" parameterType="com.sinosoft.service.business.db.vo.SYSUserVo">
  
   	   select emplid from lduser where 1=1
       <if test="emplID != null and emplID!=''">
        and emplID = #{emplID,jdbcType=VARCHAR}
       </if>
  
  </select>
    
  <select id="selectByemplIDA" resultMap="BaseResultMap" parameterType="com.sinosoft.service.business.db.vo.SYSUserVo">
  
   	   select emplid from ldusera where 1=1
       <if test="emplID != null and emplID!=''">
        and emplID = #{emplID,jdbcType=VARCHAR}
       </if>
  
  </select>
  
   <select id="selectAlls" resultType="com.sinosoft.service.business.db.vo.SYSUserVo">
  	select * from lduser
  </select>
  
  <select id="selectAllAs" resultType="com.sinosoft.service.business.db.vo.SYSUserVo" parameterType="String">
    	select * from ldusera where 1=1
   	 <if test="flag != null and flag!=''">
        and flag = #{flag,jdbcType=VARCHAR}
       </if>
  </select>
  
  <select id="selectones" resultMap="BaseResultMap"  parameterType="com.sinosoft.service.business.db.vo.SYSUserVo">
  select * from lduser where emplID = #{emplID,jdbcType=VARCHAR}
  </select>
  
  <delete id="deleteByemplID" parameterType="com.sinosoft.service.business.db.vo.SYSUserVo">
    delete from lduser where 1=1
    <if test="emplID != null and emplID!=''">
        and emplID = #{emplID,jdbcType=VARCHAR}
    </if>
    <if test="flag != null and flag !=''">
        and flag = #{flag,jdbcType=VARCHAR}
    </if>
  </delete>
   
    <delete id="delete" parameterType="com.sinosoft.service.business.db.vo.SYSUserVo">
    delete from lduser where 1=1
    <if test="emplID != null and emplID!=''">
        and emplID = #{emplID,jdbcType=VARCHAR}
    </if>
    <if test="flag != null and flag !=''">
        and flag = #{flag,jdbcType=VARCHAR}
    </if>
  </delete>
   <delete id="deleteall" >
    delete from ldusera 
  </delete>
     <delete id="deleteData" >
    delete from lduser
  </delete>
  

  	<insert id="insertA" parameterType="com.sinosoft.service.business.db.vo.SYSUserVo">
  	 insert into LDUserA 
	   (emplID,companyCode,companyCodes,companyName,locationCode,locationName,deptId,department,costCentre,emplrcd,name,
	   preferredFirstName,positionCode,positionTitle,jobCode,jobtitle,reportsto,managertitle,managerid,managername,hireDate,
	   rehireDate,terminationdate,emplclass,actndate,actnrsneffdt,functionalmgr,posndescr,funcmgremplid,funcmgrname,hrl1descr,
	   hrl2descr,hrl3descr,hrl4descr,hrl5descr,status,operator,makeDate,makeTime,modifyDate,modifyTime,flag,branchcode,type,
	   region,employmenttype,probationdate,tenure,jobcategory,employeeid,employeename,emailaddress
	   )values 
      (#{emplID,jdbcType=VARCHAR},#{companyCode,jdbcType=VARCHAR},#{companyCodes,jdbcType=VARCHAR},#{companyName,jdbcType=VARCHAR},
       #{locationCode,jdbcType=VARCHAR},#{locationName,jdbcType=VARCHAR}, #{deptId,jdbcType=VARCHAR},#{department,jdbcType=VARCHAR},
       #{costCentre,jdbcType=VARCHAR},#{emplrcd,jdbcType=VARCHAR}, #{name,jdbcType=VARCHAR}, #{preferredFirstName,jdbcType=VARCHAR}, 
       #{positionCode,jdbcType=VARCHAR}, #{positionTitle,jdbcType=VARCHAR},#{jobCode,jdbcType=VARCHAR}, #{jobtitle,jdbcType=VARCHAR},
       #{reportsto,jdbcType=VARCHAR},#{managertitle,jdbcType=VARCHAR}, #{managerid,jdbcType=VARCHAR},#{managername,jdbcType=VARCHAR},
       #{hireDate,jdbcType=TIMESTAMP}, #{rehireDate,jdbcType=VARCHAR},#{terminationdate,jdbcType=TIMESTAMP},#{emplclass,jdbcType=VARCHAR},
       #{actndate,jdbcType=TIMESTAMP},#{actnrsneffdt,jdbcType=TIMESTAMP},#{functionalmgr,jdbcType=VARCHAR},#{posndescr,jdbcType=VARCHAR},
       #{funcmgremplid,jdbcType=VARCHAR},#{funcmgrname,jdbcType=VARCHAR},#{hrl1descr,jdbcType=VARCHAR}, #{hrl2descr,jdbcType=VARCHAR},
       #{hrl3descr,jdbcType=VARCHAR},#{hrl4descr,jdbcType=VARCHAR},#{hrl5descr,jdbcType=VARCHAR},#{status,jdbcType=VARCHAR},
       #{operator,jdbcType=VARCHAR},#{makeDate,jdbcType=TIMESTAMP}, #{makeTime,jdbcType=VARCHAR},#{modifyDate,jdbcType=TIMESTAMP},
       #{modifyTime,jdbcType=VARCHAR},#{flag,jdbcType=VARCHAR}, #{branchcode,jdbcType=VARCHAR}, #{type,jdbcType=VARCHAR},
	   #{region,jdbcType=VARCHAR},#{employmenttype,jdbcType=VARCHAR},#{probationdate,jdbcType=TIMESTAMP},#{tenure,jdbcType=VARCHAR},
	   #{jobcategory,jdbcType=VARCHAR},#{employeeid,jdbcType=VARCHAR},#{employeename,jdbcType=VARCHAR},#{emailaddress,jdbcType=VARCHAR}
       )
  </insert>
  <insert id="insert" parameterType="com.sinosoft.service.business.db.vo.SYSUserVo">
  	 insert into LDUser
	   (emplID,companyCode,companyCodes,companyName,locationCode,locationName,deptId,department,costCentre,emplrcd,name,
	   preferredFirstName,positionCode,positionTitle,jobCode,jobtitle,reportsto,managertitle,managerid,managername,hireDate,
	   rehireDate,terminationdate,emplclass,actndate,actnrsneffdt,functionalmgr,posndescr,funcmgremplid,funcmgrname,hrl1descr,
	   hrl2descr,hrl3descr,hrl4descr,hrl5descr,status,operator,makeDate,makeTime,modifyDate,modifyTime,flag,branchcode,type,
	   region,employmenttype,probationdate,tenure,jobcategory,employeeid,employeename,emailaddress
	   )values 
      (#{emplID,jdbcType=VARCHAR},#{companyCode,jdbcType=VARCHAR},#{companyCodes,jdbcType=VARCHAR},#{companyName,jdbcType=VARCHAR},
       #{locationCode,jdbcType=VARCHAR},#{locationName,jdbcType=VARCHAR}, #{deptId,jdbcType=VARCHAR},#{department,jdbcType=VARCHAR},
       #{costCentre,jdbcType=VARCHAR},#{emplrcd,jdbcType=VARCHAR}, #{name,jdbcType=VARCHAR}, #{preferredFirstName,jdbcType=VARCHAR}, 
       #{positionCode,jdbcType=VARCHAR}, #{positionTitle,jdbcType=VARCHAR},#{jobCode,jdbcType=VARCHAR}, #{jobtitle,jdbcType=VARCHAR},
       #{reportsto,jdbcType=VARCHAR},#{managertitle,jdbcType=VARCHAR}, #{managerid,jdbcType=VARCHAR},#{managername,jdbcType=VARCHAR},
       #{hireDate,jdbcType=TIMESTAMP}, #{rehireDate,jdbcType=VARCHAR},#{terminationdate,jdbcType=TIMESTAMP},#{emplclass,jdbcType=VARCHAR},
       #{actndate,jdbcType=TIMESTAMP},#{actnrsneffdt,jdbcType=TIMESTAMP},#{functionalmgr,jdbcType=VARCHAR},#{posndescr,jdbcType=VARCHAR},
       #{funcmgremplid,jdbcType=VARCHAR},#{funcmgrname,jdbcType=VARCHAR},#{hrl1descr,jdbcType=VARCHAR}, #{hrl2descr,jdbcType=VARCHAR},
       #{hrl3descr,jdbcType=VARCHAR},#{hrl4descr,jdbcType=VARCHAR},#{hrl5descr,jdbcType=VARCHAR},#{status,jdbcType=VARCHAR},
       #{operator,jdbcType=VARCHAR},#{makeDate,jdbcType=TIMESTAMP}, #{makeTime,jdbcType=VARCHAR},#{modifyDate,jdbcType=TIMESTAMP},
       #{modifyTime,jdbcType=VARCHAR},#{flag,jdbcType=VARCHAR}, #{branchcode,jdbcType=VARCHAR}, #{type,jdbcType=VARCHAR},
	   #{region,jdbcType=VARCHAR},#{employmenttype,jdbcType=VARCHAR},#{probationdate,jdbcType=TIMESTAMP},#{tenure,jdbcType=VARCHAR},
	   #{jobcategory,jdbcType=VARCHAR},#{employeeid,jdbcType=VARCHAR},#{employeename,jdbcType=VARCHAR},#{emailaddress,jdbcType=VARCHAR}
       )
   </insert>




	<update id="updateJobcode" parameterType="com.sinosoft.service.business.db.vo.JobCodeVo">
    update jobcode
    <set>
	  <if test="positiontitle != null  and positiontitle !=''">
        positiontitle= #{positiontitle,jdbcType=VARCHAR},
      </if>
      <if test="jobcode != null  and jobcode !=''">
        jobcode= #{jobcode,jdbcType=VARCHAR},
      </if>

     </set>
    where emplid=#{emplid,jdbcType=VARCHAR}

  </update>	 

	<update id="update" parameterType="com.sinosoft.service.business.db.vo.SYSUserVo">
    update lduser
    <set>
      <if test="companyCode != null and companyCode !='' ">
        companyCode= #{companyCode,jdbcType=VARCHAR},
      </if>
      <if test="department != null and department !='' ">
        department= #{department,jdbcType=VARCHAR},
      </if>
       <if test="companyName != null  and companyName !=''">
        companyName= #{companyName,jdbcType=VARCHAR},
      </if>
       <if test="locationCode != null  and locationCode !=''">
        locationCode= #{locationCode,jdbcType=VARCHAR},
      </if>
       <if test="locationName != null  and locationName !=''">
        locationName= #{locationName,jdbcType=VARCHAR},
      </if>
       <if test="name != null  and name !=''">
        name= #{name,jdbcType=VARCHAR},
      </if>
       <if test="positionCode != null  and positionCode !=''">
        positionCode= #{positionCode,jdbcType=VARCHAR},
      </if>
       <if test="positionTitle != null  and positionTitle !=''">
        positionTitle= #{positionTitle,jdbcType=VARCHAR},
      </if>
       <if test="jobCode != null  and jobCode !=''">
        jobCode= #{jobCode,jdbcType=VARCHAR},
      </if>
       <if test="jobtitle != null  and jobtitle !=''">
        jobtitle= #{jobtitle,jdbcType=VARCHAR},
      </if>
       <if test="actnrsneffdt != null">
        actnrsneffdt= #{actnrsneffdt,jdbcType=TIMESTAMP},
      </if>
       <if test="operator != null  and operator !=''">
        operator= #{operator,jdbcType=VARCHAR},
      </if>
       <if test="modifyDate != null">
        modifyDate= #{modifyDate,jdbcType=TIMESTAMP},
      </if>
       <if test="modifyTime != null  and modifyTime !=''">
        modifyTime= #{modifyTime,jdbcType=VARCHAR},
      </if>
       
     </set>
    where emplID=#{emplID,jdbcType=VARCHAR}

  </update>	 

<select id="copyA" resultType="String">
insert into lduser select * from ldusera commit
</select >
  <insert id="insertdetailall" parameterType="com.sinosoft.service.business.db.vo.detailallVo">
	  insert into detailall(transno,staffid,flag,operator,descs,fileid,makedate,maketime) 
	  values(#{transno,jdbcType=VARCHAR},#{staffid,jdbcType=VARCHAR},#{flag,jdbcType=VARCHAR},
	  #{operator,jdbcType=VARCHAR},#{descs,jdbcType=VARCHAR},#{fileid,jdbcType=VARCHAR},#{makedate,jdbcType=TIMESTAMP},#{maketime,jdbcType=VARCHAR})
  </insert> 
    <insert id="insertrecordall" parameterType="com.sinosoft.service.business.db.vo.recordallVo">
	  insert into recordall(transno,fileid,filetype,counts,loser,succeed,operator,makedate,maketime) 
	  values(#{transno,jdbcType=VARCHAR},#{fileid,jdbcType=VARCHAR},#{filetype,jdbcType=VARCHAR},
	  #{counts,jdbcType=VARCHAR},#{loser,jdbcType=VARCHAR},#{succeed,jdbcType=VARCHAR},#{operator,jdbcType=VARCHAR},#{makedate,jdbcType=TIMESTAMP},#{maketime,jdbcType=VARCHAR})
  </insert>

</mapper>