<?xml version="1.0" encoding="UTF-8"?>
<!DOCTYPE mapper PUBLIC "-//mybatis.org//DTD Mapper 3.0//EN" "http://mybatis.org/dtd/mybatis-3-mapper.dtd">
<mapper namespace="com.sinosoft.service.business.db.dao.shoppingcart.ShoppingCartBaseMapper">
  
   <!-- SC保单列表查询 --> 
   <resultMap id="PolicyListQueryReturnMap" type="com.sinosoft.service.shoppingcart.policylistquery.res.ScPolicyListQueryResPolicy">
     <id property="proposalContNo" column="proposalContNo" jdbcType="VARCHAR"/>
     <id property="finalProposalContNo" column="finalProposalContNo" jdbcType="VARCHAR"/>
     <result property="riskType" column="riskType" jdbcType="VARCHAR"/>
     <result property="riskClassify" column="riskClassify" jdbcType="VARCHAR"/>
     <result property="riskName" column="riskName" jdbcType="VARCHAR"/>
     <result property="riskLevel" column="riskLevel" jdbcType="VARCHAR"/>
     <result property="appFlag" column="appFlag" jdbcType="VARCHAR"/>
     <result property="cancelFlag" column="cancelFlag" jdbcType="VARCHAR"/>
     <result property="uploadFlag" column="uploadFlag" jdbcType="VARCHAR"/>
     <result property="debitAccount" column="debitAccount" jdbcType="VARCHAR"/>
     <result property="branchProvince" column="branchProvince" jdbcType="VARCHAR"/>
     <result property="branchCity" column="branchCity" jdbcType="VARCHAR"/>
     <result property="accountCCY" column="accountCCY" jdbcType="VARCHAR"/>
     <result property="hesitateFlag" column="hesitateFlag" jdbcType="VARCHAR"/>
     <result property="chargeCode" column="chargeCode" jdbcType="VARCHAR"/>
     <result property="debitMesg" column="debitMesg" jdbcType="VARCHAR"/>
     <result property="debitFlag" column="debitFlag" jdbcType="VARCHAR"/>
     <result property="delayDebitDate" column="delayDebitDate" jdbcType="VARCHAR"/>
     <result property="debitEndDate" column="debitEndDate" jdbcType="VARCHAR"/>
     <result property="debitAckFlag" column="debitAckFlag" jdbcType="VARCHAR"/>
     <result property="confirmDocumentFlag" column="confirmDocumentFlag" jdbcType="VARCHAR"/>
     <result property="sumPrem" column="sumPrem" jdbcType="VARCHAR"/>
     <result property="standPrem" column="standPrem" jdbcType="VARCHAR"/>
     <result property="channel" column="channel" jdbcType="VARCHAR"/>
     <result property="contNo" column="contNo" jdbcType="VARCHAR"/>
     <result property="expiryDate" column="expiryDate" jdbcType="VARCHAR"/>
     <result property="orderDate" column="orderDate" jdbcType="VARCHAR"/>
     <result property="effecticeDate" column="effecticeDate" jdbcType="VARCHAR"/>
     <result property="policyTime" column="policyTime" jdbcType="VARCHAR"/>
     <result property="insuranceCompanyCode" column="insuranceCompanyCode" jdbcType="VARCHAR"/>
     <result property="appntName" column="appntName" jdbcType="VARCHAR"/>
     <result property="appntIdType" column="appntIdType" jdbcType="VARCHAR"/>
     <result property="appntIdNo" column="appntIdNo" jdbcType="VARCHAR"/>
     <result property="transNo" column="transNo" jdbcType="VARCHAR"/>
     <collection property="insus" javaType="ArrayList" column="transNo" ofType="com.sinosoft.service.shoppingcart.policylistquery.res.ScPolicyListQueryResInsu"
        select="selectPolicyInsu">
     </collection> 
     <collection property="risks" javaType="ArrayList" column="transNo" ofType="com.sinosoft.service.shoppingcart.policylistquery.res.ScPolicyListQueryResRisk"
        select="selectPolicyRisk">
     </collection> 
      
  </resultMap>
  
  <resultMap id="InsusReturnMap" type="com.sinosoft.service.shoppingcart.policylistquery.res.ScPolicyListQueryResInsu">
     <result property="insuredName" column="insuredName" jdbcType="VARCHAR"/>
     <result property="insuredBirthday" column="insuredBirthday" jdbcType="DATE"/>
     <result property="relaToAppnt" column="relaToAppnt" jdbcType="VARCHAR"/>
     <result property="insuredIdType" column="insuredIdType" jdbcType="VARCHAR"/>
     <result property="insuredIdNo" column="insuredIdNo" jdbcType="VARCHAR"/>
  </resultMap>
    
  <resultMap id="RisksReturnMap" type="com.sinosoft.service.shoppingcart.policylistquery.res.ScPolicyListQueryResRisk">
 	 <result property="riskCode" column="riskCode" jdbcType="VARCHAR"/>
     <result property="riskName" column="riskName" jdbcType="VARCHAR"/>
     <result property="riskFlag" column="riskFlag" jdbcType="VARCHAR"/>
     <result property="amnt" column="amnt" jdbcType="VARCHAR"/>
     <result property="prem" column="prem" jdbcType="VARCHAR"/>
     <result property="payIntv" column="payIntv" jdbcType="VARCHAR"/>
     <result property="payEndYear" column="payEndYear" jdbcType="VARCHAR"/>
     <result property="payEndYearFlag" column="payEndYearFlag" jdbcType="VARCHAR"/>
     <result property="insuYear" column="insuYear" jdbcType="VARCHAR"/>
     <result property="insuYearFlag" column="insuYearFlag" jdbcType="VARCHAR"/>
     <result property="bonusGetMode" column="bonusGetMode" jdbcType="VARCHAR"/>
     <result property="autoPayFlag" column="autoPayFlag" jdbcType="VARCHAR"/>
     <collection property="iliAccounts" javaType="ArrayList" column="transNo" ofType="com.sinosoft.service.allianz.mobilez.productlistquery.bean.IliAccount"
        select="selectIliAccounts">
     </collection>
  </resultMap>

  <resultMap id="IliAccountsReturnMap" type="com.sinosoft.service.allianz.mobilez.productlistquery.bean.IliAccount">
      <result property="iliAccountCode" column="fundCode" jdbcType="VARCHAR"/>
      <result property="iliAccountNameCN" column="fundName" jdbcType="VARCHAR"/>
      <result property="iliAccountNameEN" column="fundEnglishName" jdbcType="VARCHAR"/>
      <result property="riskLevel" column="riskRating" jdbcType="VARCHAR"/>
  </resultMap>
  
<select id="getPolicyListQueryRes" resultMap="PolicyListQueryReturnMap">
  select lm.risktype riskType,lm.riskClassify riskClassify,lm.saleschl riskName,lm.risk riskLevel,
  lc.proposalcontno proposalContNo,lc.finalproposalcontno finalProposalContNo,lc.appflag appFlag,lc.cancelflag cancelFlag,lnc.uploadflag uploadFlag,lc.bankaccno debitAccount,pb.areaprovince branchProvince,pb.areacity branchCity,
  acct.accountccy accountCCY,decode(sign(ceil(trunc(sysdate) - trunc(lc.cvalidate))-15),'-1','Y','N') hesitateFlag,
  lc.chargecode chargeCode,
  (select concat(concat(ld.brccode||':'||ld.description,':'),ld.cndescription)  from  
  (SELECT t.rcode,t.proposalprtno, ROW_NUMBER() OVER(PARTITION BY t.proposalprtno ORDER BY t.modifydate DESC,t.modifytime desc) RN
  FROM tranlog t where t.funcflag='debit' )  tr   
  left join  ldhubflag  ld on  ld.brccode= tr.rcode where  tr.proposalprtno=lc.proposalcontno and tr.rn=1) debitMesg,
  DECODE(lc.debitflag,'1','D','I') debitFlag,decode(lc.debitflag,'0',to_char(lnc.confirmdate,'yyyyMMdd'),to_char(lnc.conclusiondate,'yyyyMMdd')) delayDebitDate,
  NVL(lnc.confirmflag,'Y') debitAckFlag,NVL(lc.scconfirmdocumentflag,'N') confirmDocumentFlag,
  decode(lc.sumprem,0.00,'0',to_char(lc.sumprem,'fm9999999990.00')) sumPrem,decode(lc.standprem,0.00,'0',to_char(lc.standprem,'fm9999999990.00')) standPrem,NVL(lc.commonchannel,'BH') channel,decode(lc.chargecode,'S',lc.contno,null) contNo,to_char(lc.termdate,'yyyyMMdd') expiryDate,to_char(lc.polapplydate,'yyyyMMdd') orderDate,decode(lc.chargecode,'S',to_char(lc.effectivedate,'yyyyMMdd'),null) effecticeDate,to_char(lc.makedate,'yyyyMMdd')||replace(lc.maketime,':','') policyTime,lc.insurancecom insuranceCompanyCode,
  appnt.appntname appntName,appnt.idtype appntIdType,appnt.idno appntIdNo,lc.transno transNo
  from lccont lc
  left join lmrisk lm on lc.riskcode=lm.riskcode and lc.insurancecom=lm.insurancecom
  left join lcappnt appnt on lc.transno=appnt.transno
  left join (select p.transno,p.areaprovince,p.areacity from paymentbranch p where p.accountholder='0') pb on pb.transno=lc.transno 
  left join lcnotconclusion lnc on lc.proposalcontno=lnc.contno
  left join ldcustomeraccount acct on lc.grpcontno=acct.cifid and lc.bankaccno=acct.accountnumber
	where 1=1 
	<if test="null!=req.base.customerId and ''!=req.base.customerId">
	  and lc.grpcontno=#{req.base.customerId}
	</if>
	<if test="null!=req.base.proposalContNo and ''!=req.base.proposalContNo">
	  and lc.proposalcontno=#{req.base.proposalContNo}
	</if>
	<if test="null!=req.bankCode and ''!=req.bankCode">
		<if test='"BH"!=req.bankCode'>		
	    and lc.commonchannel=upper(#{req.bankCode})	  
	   </if>
	   <if test='"BH"==req.bankCode'>		
	    and (lc.commonchannel=upper(#{req.bankCode}) or lc.commonchannel is null)	  
	   </if>	  
	</if>
	<if test="null!=req.base.beginDate and ''!=req.base.beginDate">
	 and trunc(lc.polapplydate)&gt;=trunc(To_Date(#{req.base.beginDate},'yyyyMMdd'))
	</if>
	<if test="null!=req.base.endDate and ''!=req.base.endDate">
	 and trunc(lc.polapplydate)&lt;=trunc(To_Date(#{req.base.endDate},'yyyyMMdd'))
	</if>

</select>

<!-- 保单列表查询 渠道为MZ时，时间范围不为空，需要将DG在时间范围外的单子也查询出来 -->
<select id="getPolicyListQueryResAppendDG" resultMap="PolicyListQueryReturnMap">
  select lm.risktype riskType,lm.riskClassify riskClassify,lm.saleschl riskName,lm.risk riskLevel,
  lc.proposalcontno proposalContNo,lc.finalproposalcontno finalProposalContNo,lc.appflag appFlag,lc.cancelflag cancelFlag,lnc.uploadflag uploadFlag,lc.bankaccno debitAccount,pb.areaprovince branchProvince,pb.areacity branchCity,
  acct.accountccy accountCCY,decode(sign(ceil(trunc(sysdate) - trunc(lc.cvalidate))-15),'-1','Y','N') hesitateFlag,
  lc.chargecode chargeCode,
  (select concat(concat(ld.brccode||':'||ld.description,':'),ld.cndescription)  from  
  (SELECT t.rcode,t.proposalprtno, ROW_NUMBER() OVER(PARTITION BY t.proposalprtno ORDER BY t.modifydate DESC,t.modifytime desc) RN
  FROM tranlog t where t.funcflag='debit' )  tr   
  left join  ldhubflag  ld on  ld.brccode= tr.rcode where  tr.proposalprtno=lc.proposalcontno and tr.rn=1) debitMesg,
  DECODE(lc.debitflag,'1','D','I') debitFlag,decode(lc.debitflag,'0',to_char(lnc.confirmdate,'yyyyMMdd'),to_char(lnc.conclusiondate,'yyyyMMdd')) delayDebitDate,
  NVL(lnc.confirmflag,'Y') debitAckFlag,NVL(lc.scconfirmdocumentflag,'N') confirmDocumentFlag,
  decode(lc.sumprem,0.00,'0',to_char(lc.sumprem,'fm9999999990.00')) sumPrem,decode(lc.standprem,0.00,'0',to_char(lc.standprem,'fm9999999990.00')) standPrem,NVL(lc.commonchannel,'BH') channel,decode(lc.chargecode,'S',lc.contno,null) contNo,to_char(lc.termdate,'yyyyMMdd') expiryDate,to_char(lc.polapplydate,'yyyyMMdd') orderDate,decode(lc.chargecode,'S',to_char(lc.effectivedate,'yyyyMMdd'),null) effecticeDate,to_char(lc.makedate,'yyyyMMdd')||replace(lc.maketime,':','') policyTime,lc.insurancecom insuranceCompanyCode,
  appnt.appntname appntName,appnt.idtype appntIdType,appnt.idno appntIdNo,lc.transno transNo
  from lccont lc
  left join lmrisk lm on lc.riskcode=lm.riskcode and lc.insurancecom=lm.insurancecom
  left join lcappnt appnt on lc.transno=appnt.transno
    left join (select p.transno,p.areaprovince,p.areacity from paymentbranch p where p.accountholder='0') pb on pb.transno=lc.transno 
  left join lcnotconclusion lnc on lc.proposalcontno=lnc.contno
  left join ldcustomeraccount acct on lc.grpcontno=acct.cifid and lc.bankaccno=acct.accountnumber
	where 1=1
		and lc.commonchannel='DG'
	<if test="null!=req.base.customerId and ''!=req.base.customerId">
	  and lc.grpcontno=#{req.base.customerId}
	</if>
	
	<if test="null!=req.base.proposalContNo and ''!=req.base.proposalContNo">
	  and lc.proposalcontno=#{req.base.proposalContNo}
	</if>
	
	<if test='null != req.base.beginDate and "" != req.base.beginDate and (null == req.base.endDate or "" == req.base.endDate)'>
	 and trunc(lc.polapplydate)&lt;trunc(To_Date(#{req.base.beginDate},'yyyyMMdd'))
	</if>
	<if test='null != req.base.beginDate and "" != req.base.beginDate and null != req.base.endDate and "" != req.base.endDate'>
	  and ( trunc(lc.polapplydate)&lt;trunc(To_Date(#{req.base.beginDate},'yyyyMMdd')) or trunc(lc.polapplydate)&gt;trunc(To_Date(#{req.base.endDate},'yyyyMMdd')) )
	</if>
	<if test=' null == req.base.beginDate or "" == req.base.beginDate and null != req.base.endDate and "" != req.base.endDate'>
	  and trunc(lc.polapplydate)&gt;trunc(To_Date(#{req.base.endDate},'yyyyMMdd'))
	</if>

</select>

  
 <!-- 根据transno查询 -->
<select id="selectPolicyInsu"  resultMap="InsusReturnMap">
    select l.lcinsuredname insuredName,l.lcinsuredbirthday insuredBirthday,l.relationtoappnt relaToAppnt,l.lcinsuredidtype insuredIdType,l.lcinsuredidno insuredIdNo from lcinsured l where transno=#{transNo}
 	UNION ALL
	select lc.lcinsuredname insuredName,lc.lcinsuredbirthday insuredBirthday,lc.relationtoappnt relaToAppnt,lc.lcinsuredidtype insuredIdType,lc.lcinsuredidno insuredIdNo from lcinsuredtwo lc where transno=#{transNo}
</select>

 <!-- 根据transno查询 -->
<select id="selectPolicyRisk"  resultMap="RisksReturnMap">    
	select q.transno transNo,q.riskcode riskCode,w.saleschl riskName,w.subriskflag riskFlag,decode(q.amnt,0.00,'0',to_char(q.amnt,'fm9999999990.00')) amnt,decode(q.prem,0.00,'0',to_char(q.prem,'fm9999999990.00')) prem,q.payIntv,q.payendyear payEndYear,q.payendyearflag payEndYearFlag,q.insuyear insuYear,
	q.insuyearflag insuYearFlag,nvl(q.bonusgetmode,'0') bonusGetMode,nvl(q.aploption,'0') autoPayFlag from lcpol q
	left join lmrisk w on q.riskcode=w.riskcode
	where q.transno=#{transNo}
</select>

<select id="selectIliAccounts" resultMap="IliAccountsReturnMap">
    select a.fundcode fundCode,a.fundName,a.fundenglishname fundEnglishName,a.riskrating riskRating from  joinaccount a left join lcaccountinfo b
    on (a.fundcode=b.accno and a.ic=b.insurcecom)
    where b.transno=#{transNo}
</select>


<!-- SC取消投保 -->


<insert id="insertSelectiveCancelInsure" parameterType="com.sinosoft.service.shoppingcart.cancelinsure.bean.ScCancelInsure" useGeneratedKeys="false">
     
     MERGE INTO cancelInsure t
    USING (
        select
      <trim suffixOverrides=",">
        #{proposalContNo,jdbcType=VARCHAR} proposalContNo,
        #{contNo,jdbcType=VARCHAR} contNo,
        #{channel,jdbcType=VARCHAR} channel,
        #{cancelFlag,jdbcType=VARCHAR} cancelFlag,
        #{insuranceCom,jdbcType=VARCHAR} insuranceCom,
      <if test="makeDate == null">
       trunc(sysdate) makeDate,
      </if>      
      <if test="makeDate != null">
        #{makeDate,jdbcType=DATE} makeDate,
      </if>
      <if test="makeTime == null or makeTime =='' ">
       to_char(sysdate,'hh24:mi:ss') makeTime
      </if>
      <if test="makeTime != null and makeTime !='' ">
        #{makeTime,jdbcType=VARCHAR} makeTime
      </if>
      </trim>
        from dual) t1
    ON (t.proposalContNo = t1.proposalContNo)
    WHEN NOT MATCHED THEN
    INSERT
    <trim prefix="(" suffix=")" suffixOverrides=",">
        proposalContNo,
        contNo,
        channel,
        cancelFlag,
        insuranceCom,
     	makeDate,
     	makeTime
    </trim>
      VALUES (
      t1.proposalContNo,
      t1.contNo, 
      t1.channel, 
      t1.cancelFlag, 
      t1.insuranceCom, 
      t1.makeDate, 
      t1.makeTime)
</insert>


<insert id="batchInsertCancelInsure" parameterType="java.util.List" useGeneratedKeys="false">
 MERGE INTO cancelInsure t
    USING (
      <foreach collection="list" item="item" index="index" separator="union" >
        select 
       <trim suffixOverrides=",">
        #{item.proposalContNo,jdbcType=VARCHAR} proposalContNo,
        #{item.contNo,jdbcType=VARCHAR} contNo,
        #{item.channel,jdbcType=VARCHAR} channel,
        #{item.cancelFlag,jdbcType=VARCHAR} cancelFlag,
        #{item.insuranceCom,jdbcType=VARCHAR} insuranceCom,
      <if test="item.makeDate == null">
       trunc(sysdate) makeDate,
      </if>      
      <if test="item.makeDate != null">
        #{item.makeDate,jdbcType=DATE} makeDate,
      </if>
      <if test="item.makeTime == null or item.makeTime =='' ">
       to_char(sysdate,'hh24:mi:ss') makeTime
      </if>
      <if test="item.makeTime != null and item.makeTime !='' ">
        #{item.makeTime,jdbcType=VARCHAR} makeTime
      </if>
      </trim>
        from dual
      </foreach>) t1
    ON (t.proposalContNo = t1.proposalContNo)
    WHEN NOT MATCHED THEN
    INSERT
    <trim prefix="(" suffix=")" suffixOverrides=",">
        proposalContNo,
        contNo,
        channel,
        cancelFlag,
        insuranceCom,
     	makeDate,
     	makeTime
    </trim>
      VALUES (
      t1.proposalContNo,
      t1.contNo, 
      t1.channel, 
      t1.cancelFlag, 
      t1.insuranceCom, 
      t1.makeDate, 
      t1.makeTime)
</insert>


<select id="selectAllCancelInsureByMakeDate" resultType="com.sinosoft.service.shoppingcart.cancelinsure.bean.ScCancelInsure">
  select * from cancelInsure 
  where trunc(makedate)=trunc(#{date})
</select>

<select id="selectAllCancelInsureByMakeDateAndInsuranceCom" resultType="com.sinosoft.service.shoppingcart.cancelinsure.bean.ScCancelInsure">
  select * from cancelInsure 
  where trunc(makedate)=trunc(#{date}) and insurancecom=#{insurancecom}
</select>

<select id="selectAllCancelInsureByMakeDateAndInsuranceComChannel" resultType="com.sinosoft.service.shoppingcart.cancelinsure.bean.ScCancelInsure">
  select * from cancelInsure 
  where trunc(makedate)=trunc(#{date}) and insurancecom=#{insurancecom} and channel in ('SC','RS')
</select>
<select id="selectAllCancelInsureByMakeDateAndInsuranceComChannel1" resultType="com.sinosoft.service.shoppingcart.cancelinsure.bean.ScCancelInsure">
  select * from cancelInsure 
  where trunc(makedate)=trunc(#{date}) and insurancecom=#{insurancecom} and channel in ('DG')
</select>
<update id="updateAppflagByProposalcontnoAndContNo" parameterType="com.sinosoft.service.shoppingcart.cancelinsure.req.ScCancelInsureReqBase">
  
  update lccont set appflag='07',cancelFlag='1' 
  where proposalcontno=#{proposalContNo,jdbcType=VARCHAR}
  <if test="contNo != null and contNo !='' ">
       and contno=#{contNo,jdbcType=VARCHAR}
  </if>
  
</update>

<select id="selectScConfirmDocumentByProposalContNo" parameterType="java.lang.String"  resultType="java.lang.String">
	select PROPOSALCONTNO from lccont where PROPOSALCONTNO=#{proposalContNo,jdbcType=VARCHAR}
</select>

 <update id="updateConfirmDocumentFlag" parameterType="java.lang.String">
   update lccont set SCCONFIRMDOCUMENTFLAG='Y' where PROPOSALCONTNO=#{proposalContNo,jdbcType=VARCHAR}
</update>

<select id="selectDebitPolsByDate"  resultType="com.sinosoft.service.business.db.vo.jade.DgDebitPolicy">
 select  
lct.proposalcontno proposalcontno, 
	
lct.transno transno,
	
lct.Familytype  debitHubTransno,

lct.insurancecom insurancecom,
	
lct.polapplydate polapplydate,
	
lct.operator operator,
	
lct.chargecode chargecode,
	
lct.appflag  appflag,
	
lct.commonchannel commonchannel,

lct.esignflag esignflag,

lcn.DEBITSTATUS debitstatus,
	
lcn.confirmflag  confirmflag,

lcn.sleepingflag sleepingflag,

lct.uploadAgainFlag uploadAgainFlag,
	 
lcn.uploadflag uploadflag
 from  lccont lct left join lcnotconclusion lcn
 on lct.proposalcontno = lcn.contno 
 and lct.insurancecom = lcn.insurancecom
 left join ThirdPartyAuthorizationRecord th
 on lct.proposalcontno =th.proposalcontno
 and lct.bankaccno = th.debitaccountno
 and th.newestFlag ='Y'
 where lct.appflag ='12' 
 and lct.chargecode in ('W','F')  
 and lct.debitflag ='0'
 and ((lcn.conclusiondate =to_date(#{date},'yyyy/MM/dd')+1 and nvl(lcn.updateFlag,'N')='N') or 
   (lcn.conclusiondate =to_date(#{date},'yyyy/MM/dd') and nvl(lcn.updateFlag,'N')='Y') )
 and lct.polapplydate=to_date(#{date},'yyyy/MM/dd')
 AND (lcn.confirmflag is null or lcn.confirmflag !='N')
 AND (LCN.debitAuthFlag='Y' or LCN.debitAuthFlag='NA')
 AND LCN.DEBITSTATUS !='Y'  and lct.relaprtno is null 
 AND TH.authorizationFlag ='Y'
  and lct.insurancecom in  
  <foreach item="item" index="index" collection="list" 
                         open="(" separator="," close=")">
                        #{item}
  </foreach>
</select>

<select id="selectDebitPolsByDateInY3"  resultType="com.sinosoft.service.business.db.vo.jade.DgDebitPolicy">
 select  
lct.proposalcontno proposalcontno, 
	
lct.transno transno,
	
lct.Familytype  debitHubTransno,

lct.insurancecom insurancecom,
	
lct.polapplydate polapplydate,
	
lct.operator operator,
	
lct.chargecode chargecode,
	
lct.appflag  appflag,
	
lct.commonchannel commonchannel,

lct.esignflag esignflag,

lcn.DEBITSTATUS debitstatus,
	
lcn.confirmflag  confirmflag,

lcn.sleepingflag sleepingflag,

lct.uploadAgainFlag uploadAgainFlag,
	 
lcn.uploadflag uploadflag
 from  lccont lct left join lcnotconclusion lcn
 on lct.proposalcontno = lcn.contno 
 and lct.insurancecom = lcn.insurancecom
 left join ThirdPartyAuthorizationRecord th
 on lct.proposalcontno =th.proposalcontno
 and lct.bankaccno = th.debitaccountno
 and th.newestFlag ='Y'
 where lct.appflag ='12' 
 and lct.chargecode in ('W','F')  
 and lct.debitflag ='0'
 and ((lcn.conclusiondate =to_date(#{date},'yyyy/MM/dd')+1 and nvl(lcn.updateFlag,'N')='N') or 
   (lcn.conclusiondate =to_date(#{date},'yyyy/MM/dd') and nvl(lcn.updateFlag,'N')='Y') )
 and lct.polapplydate=to_date(#{date},'yyyy/MM/dd')
 AND (lcn.confirmflag is null or lcn.confirmflag !='N')
 AND (LCN.debitAuthFlag='Y' or LCN.debitAuthFlag='NA')
 AND LCN.DEBITSTATUS !='Y' 
 AND lct.relaprtno is not null and 
 lct.relaprtno=(select proposalcontno from lccont c where  proposalcontno=lct.relaprtno and c.chargecode='S')
 AND TH.authorizationFlag ='Y'
 and lct.insurancecom in  
  <foreach item="item" index="index" collection="list" 
                         open="(" separator="," close=")">
                        #{item}
  </foreach>
</select>

<select id="selectDebitPolsInAxa"  resultType="com.sinosoft.service.business.db.vo.jade.DgDebitPolicy">
 select  
lct.proposalcontno proposalcontno, 
	
lct.transno transno,
	
lct.Familytype  debitHubTransno,

lct.insurancecom insurancecom,
	
lct.polapplydate polapplydate, 
	
lct.operator operator,
	
lct.chargecode chargecode,
	
lct.appflag  appflag,
	
lct.commonchannel commonchannel,

lct.esignflag esignflag,

lcn.DEBITSTATUS debitstatus,
	
lcn.confirmflag  confirmflag,

lcn.sleepingflag sleepingflag,
	 
lcn.uploadflag uploadflag
 from  lccont lct left join lcnotconclusion lcn
 on lct.proposalcontno = lcn.contno 
 and lct.insurancecom = lcn.insurancecom
 where lct.appflag ='12' 
 and lct.chargecode in ('W','F')  
 and lct.proposalcontno!=lct.contno
 and lct.debitflag ='0'
 and ((lcn.conclusiondate =to_date(#{date},'yyyy/MM/dd')+1 and nvl(lcn.updateFlag,'N')='N') or 
   (lcn.conclusiondate =to_date(#{date},'yyyy/MM/dd') and nvl(lcn.updateFlag,'N')='Y'))
 and lct.polapplydate=to_date(#{date},'yyyy/MM/dd')
 AND (lcn.confirmflag is null or lcn.confirmflag !='N') 
 AND LCN.DEBITSTATUS !='Y' 
 and lct.commonchannel ='DG'
 and lct.insurancecom in  
  <foreach item="item" index="index" collection="list" 
                         open="(" separator="," close=")">
                        #{item}
  </foreach>
</select> 

<select id="selectCountsFromLog" resultType ="int">
  select count(*) from tranlog l where l.proposalprtno=#{proposalContNo,jdbcType=VARCHAR} and l.funcflag  in ('HS1031','1031')
</select> 

</mapper>