<?xml version="1.0" encoding="UTF-8"?>
<!DOCTYPE mapper PUBLIC "-//mybatis.org//DTD Mapper 3.0//EN" "http://mybatis.org/dtd/mybatis-3-mapper.dtd">
<mapper namespace="com.sinosoft.service.business.db.dao.DebitQueryDao">	
	
		<update id="updateChargeCode" parameterType="com.sinosoft.service.business.db.vo.LCContVo">
			update LCCONT
			<set>
				<if test="chargecode != null">
					CHARGECODE = #{chargecode,jdbcType=VARCHAR},
				</if>
				<if test="familytype !=null">
					FAMILYTYPE = #{familytype,jdbcType=VARCHAR},
				</if> 
				<if test="modifydate !=null">
					MODIFYDATE = #{modifydate,jdbcType=TIMESTAMP},
				</if> 
				<if test="modifytime !=null">
					MODIFYTIME = #{modifytime,jdbcType=VARCHAR},	
				</if> 
				<if test="effectiveDate != null">
					EFFECTIVEDATE = #{effectiveDate,jdbcType=TIMESTAMP},
				</if>
			</set>
			where PROPOSALCONTNO = #{proposalcontno,jdbcType=VARCHAR}
		</update>
	
</mapper>