<?xml version="1.0" encoding="UTF-8"?>
<!DOCTYPE mapper PUBLIC "-//mybatis.org//DTD Mapper 3.0//EN" "http://mybatis.org/dtd/mybatis-3-mapper.dtd">
<mapper namespace="com.sinosoft.service.business.db.dao.lcNotConclusionMapper">
    <resultMap id="BaseResultMap" type="com.sinosoft.service.business.ui.task.bean.LCNOTCONCLUSION">
        <id column="CONTNO" jdbcType="VARCHAR" property="contno"/> 
        <result column="INSURANCECOM" jdbcType="VARCHAR" property="insurancecom"/>
        <result column="DEBITSTATUS" jdbcType="VARCHAR" property="debitstatus"/>
        <result column="DEBITDATE" jdbcType="DATE" property="debitdate"/>
        <result column="CONCLUSION" jdbcType="VARCHAR" property="conclusion"/>
        <result column="PREM" jdbcType="DECIMAL" property="prem"/>
        <result column="MAKEDATE" jdbcType="DATE" property="makedate"/>
        <result column="MAKETIME" jdbcType="VARCHAR" property="maketime"/>
        <result column="MODIFYDATE" jdbcType="DATE" property="modifydate"/>
        <result column="MODIFYTIME" jdbcType="VARCHAR" property="modifytime"/>
        <result column="CONCLUSIONDATE" jdbcType="DATE" property="conclusiondate"/>
        <result column="DEBITENDDATE" jdbcType="DATE" property="debitenddate"/>
        <result column="UPLOADFLAG" jdbcType="VARCHAR" property="uploadflag"/>
        <result column="PAYFLAG" jdbcType="VARCHAR" property="payflag"/>
        <result column="UPLOADFLAGHIS" jdbcType="VARCHAR" property="uploadflaghis"/>
        <result column="PAYMENTFLAG" jdbcType="VARCHAR" property="paymentflag"/>
        <result column="CONFIRMFLAG" jdbcType="VARCHAR" property="confirmflag"/>
        <result column="CONFIRMDATE" jdbcType="VARCHAR" property="confirmDate"/>
        <result column="SLEEPINGFLAG" jdbcType="VARCHAR" property="sleepingflag"/>
        <result column="SENDMESSAGEFLAG" jdbcType="VARCHAR" property="sendMessageFlag"/>
        <result column="DEBITAUTHFLAG" jdbcType="VARCHAR" property="debitAuthFlag"/>
        <result column="STAFFAUTH" jdbcType="VARCHAR" property="staffAuth"/>  
        <result column="DATEAUTH" jdbcType="VARCHAR" property="dateAuth"/> 
         <result column="UPDATEFLAG" jdbcType="VARCHAR" property="updateFlag"/> 
        
        
    </resultMap>
    <sql id="Base_Column_List">
    CONTNO, INSURANCECOM, DEBITSTATUS, DEBITDATE, CONCLUSION, PREM, MAKEDATE, MAKETIME, 
    MODIFYDATE, MODIFYTIME,CONCLUSIONDATE,DEBITENDDATE,UPLOADFLAG,PAYFLAG,UPLOADFLAGHIS,PAYMENTFLAG,CONFIRMFLAG,CONFIRMDATE
  	,SLEEPINGFLAG,sendMessageFlag,DEBITAUTHFLAG,STAFFAUTH,DATEAUTH,UPDATEFLAG
  </sql>
    <select id="selectByPrimaryKey" parameterType="java.lang.String" resultMap="BaseResultMap">
        select
        <include refid="Base_Column_List"/>
        from LCNOTCONCLUSION
        where CONTNO = #{contno,jdbcType=VARCHAR}
    </select>
    
    
    
    
    <select id="selectAll"  resultType="com.sinosoft.service.business.ui.task.bean.LCNOTCONCLUSION">      
	<!--  select l.*,
    (select managecom  from lccont l1 where l1.proposalcontno=l.contno ) managecom,
    (select operator  from lccont l2 where l2.proposalcontno=l.contno) operator,
    (select riskcode  from lccont l3 where l3.proposalcontno=l.contno) riskcode,
    ( select concat(concat(ld.description,':'),ld.cndescription)  from  
     (SELECT t.*,ROW_NUMBER() OVER(PARTITION BY t.proposalprtno ORDER BY t.modifydate DESC,t.modifytime desc) RN
      FROM tranlog t where t.funcflag='debit' )  tr   
      left join  ldhubflag  ld on  ld.brccode= tr.rcode where  tr.proposalprtno=l.contno and tr.rn=1) description
    from LCNOTCONCLUSION l
       order by ${sortName} ${sortOrder} -->
       select untab.*,
        ( select concat(concat(ld.description,':'),ld.cndescription) from
        (SELECT t.rcode,t.proposalprtno, ROW_NUMBER() OVER(PARTITION BY t.proposalprtno ORDER BY t.modifydate
        DESC,t.modifytime desc) RN
        FROM tranlog t where t.funcflag='debit' ) tr
        left join ldhubflag ld on ld.brccode= tr.rcode where tr.proposalprtno=untab.contno and tr.rn=1) description  from 
        (select lcn.*from (
        select 
         l.contno contno,
         l.debitstatus debitstatus,
         l.uploadflag uploadflag,
         l.conclusion conclusion,
         l.confirmflag confirmflag,
         l.confirmdate confirmdate,
         l.prem prem,
         (case 
         when lc.debitflag='0' and (lc.appflag ='12' or lc.appflag = '02') and NVL(l.updateFlag,'N')!='Y' then l.conclusiondate-1 
         else l.conclusiondate
         end) conclusiondate ,
         l.debitenddate debitenddate,
         l.debitdate,
	     l.insurancecom insurancecom,
         l.makedate makedate,
         l.debitauthflag,
         l.staffauth,
         l.dateauth,
         lc.managecom,
         lc.operator,
         lc.riskcode,
         lc.contno as lccontno,
         lc.commonchannel,
         lc.esignflag,
         lc.custType,
         lc.appflag,
         (case
         when lc.enterWay = 'eEnter' then '投保人自行录入'
         when lc.enterWay = 'pEnter' then '纸质投保单投保'
         when lc.enterWay = 'rEnter' then '销售人员代为填写'
         else '-' end
         ) enterWay,
         'NOTP' topupFlag,
         t.debitAccountNo,
         t.authorizationFlag,
         t.authorizationNo,
         t.authorizationTime
        from lcnotconclusion l
        left join lccont lc on l.contno=lc.proposalcontno
        left join ThirdPartyAuthorizationRecord t on (l.contno = t.proposalcontno and lc.bankaccno = t.debitAccountNo and t.newestflag = 'Y')
        union all
         select 
         l.proposalcontno contno,
         l.debitstatus debitstatus,
         l.uploadflag uploadflag,
         l.conclusion conclusion,
         l.confirmflag confirmflag,
         l.confirmdate confirmdate,
         l.sumprem prem,
         l.conclusiondate conclusiondate,
         l.debitenddate debitenddate,
         l.debitdate,
	     l.insurancecom insurancecom,
         l.makedate makedate,
         l.debitauthflag,
         l.staffauth,
         l.dateauth,
         lc.brno managecom ,
         lc.salecode operator,
         lc.riskcode,
         lc.contno as lccontno,
         lc.commonchannel,
         lc.esignflag,
         lc.custType custType,
         lc.flag appflag ,
         '-' enterWay,
         'TP' topupFlag,
         t.debitAccountNo,
         t.authorizationFlag,
         t.authorizationNo,
         t.authorizationTime
        from lcilipay l
        left join lccontinfoili lc on l.proposalcontno=lc.proposalcontno
        left join ThirdPartyAuthorizationRecord t on (l.proposalcontno = t.proposalcontno and lc.bankaccno = t.debitAccountNo and t.newestflag = 'Y')
        ) lcn  order by lcn.makedate desc, lcn.${sortName} ${sortOrder}) untab
    </select> 
    <select id="selectByPrimaryKeyAndInsurancecom" resultType="com.sinosoft.service.business.ui.task.bean.LCNOTCONCLUSION">
   <!--   select l.*,
    (select managecom  from lccont l1 where l1.proposalcontno=l.contno ) managecom,
    (select operator  from lccont l2 where l2.proposalcontno=l.contno) operator,
    (select riskcode  from lccont l3 where l3.proposalcontno=l.contno) riskcode,
    ( select concat(concat(ld.description,':'),ld.cndescription)  from  
     (SELECT t.*,ROW_NUMBER() OVER(PARTITION BY t.proposalprtno ORDER BY t.modifydate DESC,t.modifytime desc) RN
      FROM tranlog t where t.funcflag='debit' )  tr   
      left join  ldhubflag  ld on  ld.brccode= tr.rcode where  tr.proposalprtno=l.contno and tr.rn=1) description
    from LCNOTCONCLUSION l
       where 1=1
       <if test="contno!=null and contno!='' ">
         and CONTNO = #{contno,jdbcType=VARCHAR}
       </if>
        <if test="insurancecom!=null and insurancecom!='' ">
         and INSURANCECOM = #{insurancecom,jdbcType=VARCHAR}
       </if>
       order by ${sortName} ${sortOrder} -->

        select untab.*,
        ( select concat(concat(ld.description,':'),ld.cndescription) from
        (SELECT t.rcode,t.proposalprtno, ROW_NUMBER() OVER(PARTITION BY t.proposalprtno ORDER BY t.modifydate
        DESC,t.modifytime desc) RN
        FROM tranlog t where t.funcflag='debit' ) tr
        left join ldhubflag ld on ld.brccode= tr.rcode where tr.proposalprtno=untab.contno and tr.rn=1) description from
         (select lcn.* from (
         select 
         l.contno contno,
         l.debitstatus debitstatus,
         l.uploadflag uploadflag,
         l.conclusion conclusion,
         l.confirmflag confirmflag,
         l.confirmdate confirmdate,
         l.prem prem,
         (case 
         when lc.debitflag='0' and (lc.appflag ='12' or lc.appflag = '02') and  NVL(l.updateFlag,'N')!='Y' then l.conclusiondate-1 
         else l.conclusiondate
         end) conclusiondate ,
         l.debitenddate debitenddate,
         l.debitdate,
	     l.insurancecom insurancecom,
         l.makedate makedate,
         l.debitauthflag,
         l.staffauth,
         l.dateauth,
         lc.managecom,
         lc.operator,
         lc.riskcode,
         lc.contno as lccontno,
         lc.commonchannel,
         lc.esignflag,
         lc.custType,
         lc.appflag,
         (case
         when lc.enterWay = 'eEnter' then '投保人自行录入'
         when lc.enterWay = 'pEnter' then '纸质投保单投保'
         when lc.enterWay = 'rEnter' then '销售人员代为填写'
         else '-' end
         ) enterWay,
         'NOTP' topupFlag,
         t.debitAccountNo,
		 t.authorizationFlag,
         t.authorizationNo,
         t.authorizationTime
            from lcnotconclusion l
            left join lccont lc on l.contno=lc.proposalcontno
            left join ThirdPartyAuthorizationRecord t on (l.contno = t.proposalcontno and lc.bankaccno = t.debitAccountNo and t.newestflag = 'Y')
            where 1=1
            <if test="contno!=null and contno!='' ">
              and l.CONTNO = #{contno,jdbcType=VARCHAR}
            </if>
            <if test="insurancecom!=null and insurancecom!='' "> 
              and l.INSURANCECOM = #{insurancecom,jdbcType=VARCHAR}
            </if>
            <if test="debitstatus!=null and debitstatus!='' "> 
              and l.debitstatus = #{debitstatus,jdbcType=VARCHAR}
            </if>
            <if test="debitAuthFlag!=null and debitAuthFlag!='' "> 
              and l.debitAuthFlag = #{debitAuthFlag,jdbcType=VARCHAR}
            </if>
         union all
         select 
         l.proposalcontno contno,
         l.debitstatus debitstatus,
         l.uploadflag uploadflag,
         l.conclusion conclusion,
         l.confirmflag confirmflag,
         l.confirmdate confirmdate,
         l.sumprem prem,
         l.conclusiondate conclusiondate,
         l.debitenddate debitenddate,
         l.debitdate,
	     l.insurancecom insurancecom,
         l.makedate makedate,
         l.debitauthflag,
         l.staffauth,
         l.dateauth,
         lc.brno managecom ,
         lc.salecode operator,
         lc.riskcode,
         lc.contno as lccontno,
         lc.commonchannel,
         lc.esignflag,
         lc.custType custType,
         lc.flag appflag ,
         '-' enterWay,
         'TP' topupFlag,
         t.debitAccountNo,
		 t.authorizationFlag,
         t.authorizationNo,
         t.authorizationTime
            from lcilipay l
            left join lccontinfoili lc on l.proposalcontno=lc.proposalcontno
            left join ThirdPartyAuthorizationRecord t on (l.proposalcontno = t.proposalcontno and lc.bankaccno = t.debitAccountNo and t.newestflag = 'Y')
            where 1=1
            <if test="contno!=null and contno!='' ">
              and l.proposalcontno = #{contno,jdbcType=VARCHAR}
            </if>
            <if test="insurancecom!=null and insurancecom!='' ">
              and l.INSURANCECOM = #{insurancecom,jdbcType=VARCHAR}
            </if> 
            <if test="debitstatus!=null and debitstatus!='' "> 
              and l.debitstatus = #{debitstatus,jdbcType=VARCHAR}
            </if>
            <if test="debitAuthFlag!=null and debitAuthFlag!='' "> 
              and l.debitAuthFlag = #{debitAuthFlag,jdbcType=VARCHAR}
            </if>       
        ) lcn order by lcn.makedate desc, lcn.${sortName} ${sortOrder}) untab
    </select>
    <delete id="deleteByPrimaryKey" parameterType="java.lang.String">
    delete from LCNOTCONCLUSION
    where CONTNO = #{contno,jdbcType=VARCHAR}
  </delete>
    <insert id="insert" parameterType="com.sinosoft.service.business.ui.task.bean.LCNOTCONCLUSION">
       insert into LCNOTCONCLUSION (CONTNO, INSURANCECOM, DEBITSTATUS,
      DEBITDATE, CONCLUSION, PREM,
      MAKEDATE, MAKETIME, MODIFYDATE,
      MODIFYTIME, CONCLUSIONDATE, DEBITENDDATE,UPLOADFLAG,PAYFLAG,UPLOADFLAGHIS,PAYMENTFLAG,CONFIRMFLAG,CONFIRMDATE,
      SLEEPINGFLAG,DEBITAUTHFLAG,STAFFAUTH,DATEAUTH
      )
    values (#{contno,jdbcType=VARCHAR}, #{insurancecom,jdbcType=VARCHAR}, #{debitstatus,jdbcType=VARCHAR},
      #{debitdate,jdbcType=DATE}, #{conclusion,jdbcType=VARCHAR}, #{prem,jdbcType=DECIMAL},
      #{makedate,jdbcType=DATE}, #{maketime,jdbcType=VARCHAR}, #{modifydate,jdbcType=DATE},
      #{modifytime,jdbcType=VARCHAR}, #{conclusiondate,jdbcType=DATE}, #{debitenddate,jdbcType=DATE},#{uploadflag,jdbcType=VARCHAR}
      ,#{payflag,jdbcType=VARCHAR},#{uploadflaghis,jdbcType=VARCHAR},#{paymentflag,jdbcType=VARCHAR},#{confirmflag,jdbcType=VARCHAR},
      #{confirmDate,jdbcType=DATE},#{sleepingflag,jdbcType=VARCHAR},#{debitAuthFlag,jdbcType=VARCHAR},#{staffAuth,jdbcType=VARCHAR}
      ,#{dateAuth,jdbcType=VARCHAR}
      )
  </insert>
    <insert id="insertSelective" parameterType="com.sinosoft.service.business.ui.task.bean.LCNOTCONCLUSION">
        insert into LCNOTCONCLUSION
        <trim prefix="(" suffix=")" suffixOverrides=",">
            <if test="contno != null">
                CONTNO,
            </if>
            <if test="insurancecom != null">
                INSURANCECOM,
            </if>
            <if test="debitstatus != null">
                DEBITSTATUS,
            </if>
            <if test="debitdate != null">
                DEBITDATE,
            </if>
            <if test="conclusion != null">
                CONCLUSION,
            </if>
            <if test="prem != null">
                PREM,
            </if>
            <if test="makedate != null">
                MAKEDATE,
            </if>
            <if test="maketime != null">
                MAKETIME,
            </if>
            <if test="modifydate != null">
                MODIFYDATE,
            </if>
            <if test="modifytime != null">
                MODIFYTIME,
            </if>
            <if test="conclusiondate != null">
                CONCLUSIONDATE,
            </if>
            <if test="debitenddate != null">
                DEBITENDDATE,
            </if>
  			 <if test="uploadflag != null">
                UPLOADFLAG,
            </if>
 			<if test="payflag != null">
                PAYFLAG,
            </if>
             <if test="uploadflaghis != null">
                UPLOADFLAGHIS,
            </if>
            <if test="paymentflag != null">
                PAYMENTFLAG,
            </if>
            <if test="confirmflag != null">
                CONFIRMFLAG,
            </if>
            <if test="confirmDate != null">
                CONFIRMDATE,
            </if>
            <if test="sleepingflag != null">
                SLEEPINGFLAG,
            </if>
             <if test="sendMessageFlag != null">
               sendMessageFlag,
            </if>   
            <if test="debitAuthFlag != null">
               DEBITAUTHFLAG,
            </if>    
            <if test="staffAuth != null">
               STAFFAUTH,
            </if>
            <if test="dateAuth != null">
               DATEAUTH,
            </if>  
            <if test="updateFlag != null">
               UPDATEFLAG,
            </if>                  
        </trim>
        <trim prefix="values (" suffix=")" suffixOverrides=",">
            <if test="contno != null">
                #{contno,jdbcType=VARCHAR},
            </if>
            <if test="insurancecom != null">
                #{insurancecom,jdbcType=VARCHAR},
            </if>
            <if test="debitstatus != null">
                #{debitstatus,jdbcType=VARCHAR},
            </if>
            <if test="debitdate != null">
                #{debitdate,jdbcType=DATE},
            </if>
            <if test="conclusion != null">
                #{conclusion,jdbcType=VARCHAR},
            </if>
            <if test="prem != null">
                #{prem,jdbcType=DECIMAL},
            </if>
            <if test="makedate != null">
                #{makedate,jdbcType=DATE},
            </if>
            <if test="maketime != null">
                #{maketime,jdbcType=VARCHAR},
            </if>
            <if test="modifydate != null">
                #{modifydate,jdbcType=DATE},
            </if>
            <if test="modifytime != null">
                #{modifytime,jdbcType=VARCHAR},
            </if>
            <if test="conclusiondate != null">
                #{conclusiondate,jdbcType=DATE},
            </if>
            <if test="debitenddate != null">
                #{debitenddate,jdbcType=DATE},
            </if>
            <if test="uploadflag != null">
                #{uploadflag,jdbcType=VARCHAR},
            </if>
             <if test="payflag != null">
                #{payflag,jdbcType=VARCHAR},
            </if>
            <if test="uploadflaghis != null">
                #{uploadflaghis,jdbcType=VARCHAR},
            </if>
            <if test="paymentflag != null">
                #{paymentflag,jdbcType=VARCHAR},
            </if>
            <if test="confirmflag != null">
                #{confirmflag,jdbcType=VARCHAR},
            </if>
            <if test="confirmDate != null">
                #{confirmDate,jdbcType=VARCHAR},
            </if>
            <if test="sleepingflag != null">
                #{sleepingflag,jdbcType=VARCHAR},
            </if>           
            <if test="sendMessageFlag != null">
                #{sendMessageFlag,jdbcType=VARCHAR},
            </if>   
            <if test="debitAuthFlag != null">
                #{debitAuthFlag,jdbcType=VARCHAR},
            </if> 
            <if test="staffAuth != null">
                #{staffAuth,jdbcType=VARCHAR},
            </if> 
            <if test="dateAuth != null">
                #{dateAuth,jdbcType=VARCHAR},
            </if> 
             <if test="updateFlag != null">
                #{updateFlag,jdbcType=VARCHAR}
            </if>          
        </trim>
    </insert>
    <update id="updateByPrimaryKeySelective" parameterType="com.sinosoft.service.business.ui.task.bean.LCNOTCONCLUSION">
        update LCNOTCONCLUSION
        <set>
            <if test="insurancecom != null">
                INSURANCECOM = #{insurancecom,jdbcType=VARCHAR},
            </if>
            <if test="debitstatus != null">
                DEBITSTATUS = #{debitstatus,jdbcType=VARCHAR},
            </if>
            <if test="debitdate != null">
                DEBITDATE = #{debitdate,jdbcType=DATE},
            </if>
            <if test="conclusion != null">
                CONCLUSION = #{conclusion,jdbcType=VARCHAR},
            </if>
            <if test="prem != null">
                PREM = #{prem,jdbcType=DECIMAL},
            </if>
            <if test="makedate != null">
                MAKEDATE = #{makedate,jdbcType=DATE},
            </if>
            <if test="maketime != null">
                MAKETIME = #{maketime,jdbcType=VARCHAR},
            </if>
            <if test="modifydate != null">
                MODIFYDATE = #{modifydate,jdbcType=DATE},
            </if>
            <if test="modifytime != null">
                MODIFYTIME = #{modifytime,jdbcType=VARCHAR},
            </if>
            <if test="conclusiondate != null">
                CONCLUSIONDATE = #{conclusiondate,jdbcType=DATE},
            </if>
            <if test="debitenddate != null">
                DEBITENDDATE = #{debitenddate,jdbcType=DATE},
            </if>
  			<if test="uploadflag != null">
                UPLOADFLAG = #{uploadflag,jdbcType=VARCHAR},
            </if>
			<if test="payflag != null">
                PAYFLAG = #{payflag,jdbcType=VARCHAR},
            </if>
            <if test="uploadflaghis != null">
                UPLOADFLAGHIS = #{uploadflaghis,jdbcType=VARCHAR},
            </if>
    		<if test="paymentflag != null">
                PAYMENTFLAG = #{paymentflag,jdbcType=VARCHAR},
            </if>
            <if test="confirmflag != null">
                CONFIRMFLAG = #{confirmflag,jdbcType=VARCHAR},
            </if>
            <if test="confirmDate != null">
                CONFIRMDATE = #{confirmDate,jdbcType=VARCHAR},
            </if>
            <if test="sleepingflag != null">
                SLEEPINGFLAg = #{sleepingflag,jdbcType=VARCHAR},
            </if>
            <if test="sendMessageFlag != null">
                SENDMESSAGEFLAG = #{sendMessageFlag,jdbcType=VARCHAR},
            </if>
            <if test="debitAuthFlag != null">
                DEBITAUTHFLAG = #{debitAuthFlag,jdbcType=VARCHAR},
            </if>
             <if test="staffAuth != null">
                STAFFAUTH = #{staffAuth,jdbcType=VARCHAR},
            </if>
            <if test="dateAuth != null">
                DATEAUTH = #{dateAuth,jdbcType=VARCHAR},
            </if>
            <if test="updateFlag != null">
                UPDATEFLAG = #{updateFlag,jdbcType=VARCHAR}
            </if>
        </set>
        where CONTNO = #{contno,jdbcType=VARCHAR}
    </update>
    <update id="updateByPrimaryKey" parameterType="com.sinosoft.service.business.ui.task.bean.LCNOTCONCLUSION">
     update LCNOTCONCLUSION
    set INSURANCECOM = #{insurancecom,jdbcType=VARCHAR},
      DEBITSTATUS = #{debitstatus,jdbcType=VARCHAR},
      DEBITDATE = #{debitdate,jdbcType=DATE},
      CONCLUSION = #{conclusion,jdbcType=VARCHAR},
      PREM = #{prem,jdbcType=DECIMAL},
      MAKEDATE = #{makedate,jdbcType=DATE},
      MAKETIME = #{maketime,jdbcType=VARCHAR},
      MODIFYDATE = #{modifydate,jdbcType=DATE},
      MODIFYTIME = #{modifytime,jdbcType=VARCHAR},
      CONCLUSIONDATE = #{conclusiondate,jdbcType=DATE},
      DEBITENDDATE = #{debitenddate,jdbcType=DATE},
      UPLOADFLAG = #{uploadflag,jdbcType=VARCHAR},
      PAYFLAG = #{payflag,jdbcType=VARCHAR},
      UPLOADFLAGHIS = #{uploadflaghis,jdbcType=VARCHAR},
      PAYMENTFLAG = #{paymentflag,jdbcType=VARCHAR},
      CONFIRMFLAG = #{confirmflag,jdbcType=VARCHAR},
      CONFIRMDATE = #{confirmDate,jdbcType=VARCHAR},
      SLEEPINGFLAg = #{sleepingflag,jdbcType=VARCHAR},
      SENDMESSAGEFLAG = #{sendMessageFlag,jdbcType=VARCHAR},
      DEBITAUTHFLAG = #{debitAuthFlag,jdbcType=VARCHAR},
      STAFFAUTH = #{staffAuth,jdbcType=VARCHAR},
      DATEAUTH = #{dateAuth,jdbcType=VARCHAR},
      UPDATEFLAG = #{updateFlag,jdbcType=VARCHAR}
    where CONTNO = #{contno,jdbcType=VARCHAR}
  </update>

    <update id="updateByList" parameterType="java.util.List">
        BEGIN
        <foreach collection="list" item="item" index="index" open="" close="" separator=";">
            update LCNOTCONCLUSION
            <set>
                <if test="item.insurancecom != null">
                    INSURANCECOM = #{item.insurancecom,jdbcType=VARCHAR},
                </if>
                <if test="item.debitstatus != null">
                    DEBITSTATUS = #{item.debitstatus,jdbcType=VARCHAR},
                </if>
                <if test="item.debitdate != null">
                    DEBITDATE = #{item.debitdate,jdbcType=DATE},
                </if>
                <if test="item.conclusion != null">
                    CONCLUSION = #{item.conclusion,jdbcType=VARCHAR},
                </if>
                <if test="item.prem != null">
                    PREM = #{item.prem,jdbcType=DECIMAL},
                </if>
                <if test="item.makedate != null">
                    MAKEDATE = #{item.makedate,jdbcType=DATE},
                </if>
                <if test="item.maketime != null">
                    MAKETIME = #{item.maketime,jdbcType=VARCHAR},
                </if>
                <if test="item.modifydate != null">
                    MODIFYDATE = #{item.modifydate,jdbcType=DATE},
                </if>
                <if test="item.modifytime != null">
                    MODIFYTIME = #{item.modifytime,jdbcType=VARCHAR},
                </if>
                <if test="item.conclusiondate != null">
                    CONCLUSIONDATE = #{item.conclusiondate,jdbcType=DATE},
                </if>
                <if test="item.debitenddate != null">
                    DEBITENDDATE = #{item.debitenddate,jdbcType=DATE},
                </if>
                <if test="item.uploadflag != null">
                    UPLOADFLAG = #{item.uploadflag,jdbcType=VARCHAR},
                </if>
                <if test="item.payflag != null">
                    PAYFLAG = #{item.payflag,jdbcType=VARCHAR},
                </if>
                <if test="item.uploadflaghis != null">
                    UPLOADFLAGHIS = #{item.uploadflaghis,jdbcType=VARCHAR},
                </if>
                <if test="item.paymentflag != null">
                    PAYMENTFLAG = #{item.paymentflag,jdbcType=VARCHAR},
                </if>
                <if test="item.confirmflag != null">
                    CONFIRMFLAG = #{item.confirmflag,jdbcType=VARCHAR},
                </if>
                <if test="item.confirmDate != null">
                    CONFIRMDATE = #{item.confirmDate,jdbcType=VARCHAR},
                </if>
                <if test="item.sleepingflag != null">
                    SLEEPINGFLAg = #{item.sleepingflag,jdbcType=VARCHAR},
                </if>
                <if test="item.sendMessageFlag != null">
                    SENDMESSAGEFLAG = #{item.sendMessageFlag,jdbcType=VARCHAR},
                </if>
                 <if test="item.debitAuthFlag != null">
                    DEBITAUTHFLAG = #{item.debitAuthFlag,jdbcType=VARCHAR},
                </if>
                <if test="item.staffAuth != null">
                     STAFFAUTH  = #{item.staffAuth,jdbcType=VARCHAR},
                </if> 
                <if test="item.dateAuth != null">
                     DATEAUTH  = #{item.dateAuth,jdbcType=VARCHAR},
                </if>
                <if test="item.updateFlag != null">
                     UPDATEFLAG  = #{item.updateFlag,jdbcType=VARCHAR}
                </if>
            </set>
            where CONTNO = #{item.contno,jdbcType=VARCHAR}
        </foreach>
        ;END;
  </update>

  <select id="selectAllNotDebit" resultType="com.sinosoft.service.business.ui.task.bean.LCNOTCONCLUSION">
  		select *
		from LCNOTCONCLUSION b
		where b.debitstatus ='N' AND  INSURANCECOM = #{insurancecom}
  </select>    
  
	<select id="queryAllNotDebit" resultType="com.sinosoft.service.business.ui.task.bean.LCNOTCONCLUSION">
	  		select *
			from LCNOTCONCLUSION b
			where b.debitstatus ='N' 
			and b.CONCLUSION='01'
			and b.UPLOADFLAG='Y'
			and  TRUNC(sysdate) &gt;=TRUNC(b.CONCLUSIONDATE)  
		    and  TRUNC(sysdate) &lt;=TRUNC(b.DEBITENDDATE)
		    <if test="insurancecom !=null and insurancecom !='' ">
		      and  b.INSURANCECOM = #{insurancecom}
		    </if>
	  </select>

    <select id="queryAxaNotDebit" resultType="com.sinosoft.service.business.ui.task.bean.LCNOTCONCLUSION">
	  		select *
			from LCNOTCONCLUSION b
			where b.debitstatus ='N'
			and b.UPLOADFLAG='Y'
			and  TRUNC(sysdate) &gt;=TRUNC(b.CONCLUSIONDATE)
		    and  TRUNC(sysdate) &lt;=TRUNC(b.DEBITENDDATE)
		    <if test="insurancecom !=null and insurancecom !='' ">
		      and  b.INSURANCECOM = #{insurancecom}
		    </if>
	  </select>
    <select id="queryAxaDebit" resultType="com.sinosoft.service.business.ui.task.bean.LCNOTCONCLUSION">
	  		select b.*
			from LCNOTCONCLUSION b
            join LCCONT c on (b.CONTNO = c.PROPOSALCONTNO and b.CONCLUSION='2' and c.APPFLAG='12')
            or (b.CONTNO = c.PROPOSALCONTNO and b.CONCLUSION ='3' and c.APPFLAG in ('09','14'))
			where
			b.DEBITSTATUS='N'
			and  TRUNC(sysdate) &gt;=TRUNC(b.CONCLUSIONDATE)
		    and  TRUNC(sysdate) &lt;=TRUNC(b.DEBITENDDATE)
		    <if test="insurancecom !=null and insurancecom !='' ">
		      and  b.INSURANCECOM = #{insurancecom}
		    </if>
	  </select>
	  
  	<select id="queryAllNotDebitExcludeINSH" resultType="com.sinosoft.service.business.ui.task.bean.LCNOTCONCLUSION">
	  		select b.*,t.authorizationFlag
			from LCNOTCONCLUSION b left join lccont a
			on b.contno=a.proposalcontno
            left join ThirdPartyAuthorizationRecord t
            on (a.proposalcontno=t.proposalcontno and newestFlag='Y')
			where b.debitstatus ='N' 
			and b.CONCLUSION='01'
		    and  TRUNC(sysdate) &lt;=TRUNC(b.DEBITENDDATE)
		    <if test="insurancecom !=null and insurancecom !='' ">
		      and  b.INSURANCECOM = #{insurancecom}
		    </if>
		    and b.INSURANCECOM != 'INSH'
		    and b.INSURANCECOM != 'AXA'
		    and a.relaprtno is  null
	  </select>

	<select id="queryAllNotDebitINSH" resultType="com.sinosoft.service.business.ui.task.bean.LCNOTCONCLUSION">
	  		select b.*,t.authorizationFlag
			from LCNOTCONCLUSION b
			left join lccont a
			on b.contno=a.proposalcontno
	  		left join ThirdPartyAuthorizationRecord t
	  		on (a.proposalcontno=t.proposalcontno and newestFlag='Y')
			where b.debitstatus ='N' 
			and b.CONCLUSION='01'
			and b.paymentflag='Y'
		    and  TRUNC(sysdate) &lt;=TRUNC(b.DEBITENDDATE)
		    <if test="insurancecom !=null and insurancecom !='' ">
		      and  b.INSURANCECOM = #{insurancecom}
		    </if>
		    and a.relaprtno is  null
	  </select>
	  
	 <select id="queryAllNotDebitINSHRelevance" resultType="com.sinosoft.service.business.ui.task.bean.LCNOTCONCLUSION">
	  		select b.*,t.authorizationFlag
			from LCNOTCONCLUSION b
			left join lccont a
			on b.contno=a.proposalcontno
            left join ThirdPartyAuthorizationRecord t
            on (a.proposalcontno=t.proposalcontno and newestFlag='Y')
			where b.debitstatus ='N' 
			and b.CONCLUSION='01'
			and b.paymentflag='Y'
		    and  TRUNC(sysdate) &lt;=TRUNC(b.DEBITENDDATE)
		    <if test="insurancecom !=null and insurancecom !='' ">
		      and  b.INSURANCECOM = #{insurancecom}
		    </if>
		    and a.relaprtno is not null
		    and a.relaprtno=(select c.proposalcontno from lccont c where  c.proposalcontno=a.relaprtno and c.chargecode='S')
	  </select>
	  
	  
	<update id="updatePayMentFlag">
	      update  lcnotconclusion set paymentflag=null 
 		  where paymentflag is not null
	</update>

    <select id="selectAllExpired" resultType="com.sinosoft.service.business.ui.task.bean.LCNOTCONCLUSION">
    	select *
		from LCNOTCONCLUSION
		where debitstatus ='N'
  		and  INSURANCECOM = #{insurancecom}
  		and  debitEndDate &lt; #{date}

  </select>
  
  <select id="selectReconciliationHeader" resultType="com.sinosoft.service.business.db.vo.reconciliations.ReconciliationHeader">
        select t1.insurancecom,count(*) totalnum,sum(t1.sumprem) totalprice from lccont t1
		inner join lcnotconclusion t2 on t1.proposalcontno=t2.contno
		where t2.debitstatus='Y' 
		and t2.debitdate=trunc(#{date})
		and t1.chargecode='S'
		and t1.insurancecom=#{insurancecom}
		group by  t1.insurancecom
  </select>
  
  <select id="selectReconciliationBody" resultType="com.sinosoft.service.business.db.vo.reconciliations.ReconciliationBody">
		select 
		t2.debitdate,
		t1.proposalcontno,
		t1.contno,
		t1.sumprem 
		from lccont t1
		inner join lcnotconclusion t2 on t1.proposalcontno=t2.contno
		where t2.debitstatus='Y' 
		and t2.debitdate=trunc(#{date})
		and t1.chargecode='S'
		and t1.insurancecom=#{insurancecom}
  </select>
  
  <select id="selectReconciliationBodyPALI" resultType="com.sinosoft.service.business.db.vo.reconciliations.ReconciliationBody">
		select 
		'100033' transNo,
        '5010'   bankCode,
        t2.debitdate  debitdate,
        '00:00:00' transExeTime,
        l.tranno transRefGUID,
        t1.modifytime transExeTimePALI, 
        t1.sumprem grossPremAmtITD,
        '0' state 
		from lccont t1
		inner join lcnotconclusion t2 on t1.proposalcontno=t2.contno
		left join (Select t.*,
        row_number() over(Partition By t.proposalprtno Order By t.trandate desc, t.modifytime desc) row_num
        From tranlog t where t.funcflag ='1013') l
        on  t1.proposalcontno = l.proposalprtno and ( l.row_num =1 or l.row_num is null)
		where t2.debitstatus='Y' 
		and t2.debitdate=trunc(#{date})
		and t1.chargecode='S'
		and t1.insurancecom=#{insurancecom} 
  </select>
  
      <select id="cancelTimeOut" resultType="com.sinosoft.service.business.ui.task.bean.LCNOTCONCLUSION">
    	select *
		from LCNOTCONCLUSION
		where debitstatus ='N'
  		and  debitEndDate &lt; #{date}
  </select>
  <select id="queryUploadFlag" resultType="com.sinosoft.service.business.ui.task.bean.LCNOTCONCLUSION">
    select * from lcnotconclusion l where l.contno =#{contno} and l.insurancecom =#{insurancecom}
  </select>
  
  
  
  	<update id="updateContno" parameterType="java.lang.String">
	      update  lcnotconclusion set contno=#{newcontno}
 		  where contno=#{oldcontno}
	</update>
	
	<select id="queryRoles" parameterType="String" resultType="String">
			select lm.menugrpname from ldusertomenugrp lt inner join Ldmenugrpa lm
                      on lt.menugrpcode = lm.menugrpcode where lt.usercode =#{operator}
	</select>
	
	<select id="selectAllOfSalem"  resultType="com.sinosoft.service.business.ui.task.bean.LCNOTCONCLUSION">
       select untab.* ,
        ( select concat(concat(ld.description,':'),ld.cndescription) from
        (SELECT t.rcode,t.proposalprtno, ROW_NUMBER() OVER(PARTITION BY t.proposalprtno ORDER BY t.modifydate
        DESC,t.modifytime desc) RN
        FROM tranlog t where t.funcflag='debit' ) tr
        left join ldhubflag ld on ld.brccode= tr.rcode where tr.proposalprtno=untab.contno and tr.rn=1) description from 
        ( select lcn.* from (
         select 
         l.contno contno,
         l.debitstatus debitstatus,
         l.uploadflag uploadflag,
         l.conclusion conclusion,
         l.confirmflag confirmflag,
         l.confirmdate confirmdate,
         l.prem prem,
         (case 
         when lc.debitflag='0' and (lc.appflag ='12' or lc.appflag = '02') and  NVL(l.updateFlag,'N')!='Y'  then l.conclusiondate-1 
         else l.conclusiondate 
         end) conclusiondate ,
         l.debitenddate debitenddate,
         l.debitdate,
	     l.insurancecom insurancecom,
         l.makedate makedate,
         l.debitauthflag,
         l.staffauth,
         l.dateauth,
         lc.managecom,
         lc.operator,
         lc.riskcode,
         lc.contno as lccontno,
         lc.commonchannel,
         lc.esignflag,
         lc.custType,
         lc.appflag,
         (case
         when lc.enterWay = 'eEnter' then '投保人自行录入'
         when lc.enterWay = 'pEnter' then '纸质投保单投保'
         when lc.enterWay = 'rEnter' then '销售人员代为填写'
         else '-' end
         ) enterWay,
         'NOTP' topupFlag,
         t.debitAccountNo,
		 t.authorizationFlag,
         t.authorizationNo,
         t.authorizationTime
        from lcnotconclusion l
        left join lccont lc on l.contno=lc.proposalcontno
        left join ThirdPartyAuthorizationRecord t on (l.contno = t.proposalcontno and lc.bankaccno = t.debitAccountNo and t.newestflag = 'Y')
        where 1=1
        <if test="empid!=null and empid!='' and role=='DM'">
            and(lc.managecom in(select ld.companycode  from lduser ld where  ld.emplid =#{empid})
            or lc.managecom in (select r.BRANCHCODE from reportauthorization r where  r.STAFFID =#{empid}))
        </if>
        <if test="empid!=null and empid!='' and role=='SALE_MANAGER'">
            and(lc.managecom in(select ld.companycode  from lduser ld where  ld.emplid =#{empid}))
        </if>
         union all
         select 
         l.proposalcontno contno,
         l.debitstatus debitstatus,
         l.uploadflag uploadflag,
         l.conclusion conclusion,
         l.confirmflag confirmflag,
         l.confirmdate confirmdate,
         l.sumprem prem,
         l.conclusiondate conclusiondate,
         l.debitenddate debitenddate,
         l.debitdate,
	     l.insurancecom insurancecom,
         l.makedate makedate,
         l.debitauthflag,
         l.staffauth,
         l.dateauth,
         lc.brno managecom ,
         lc.salecode operator,
         lc.riskcode,
         lc.contno as lccontno,
         lc.commonchannel,
         lc.esignflag,
         lc.custType custType,
         lc.flag appflag ,
         '-' enterWay,
         'TP' TOPUPFLAG,
         t.debitAccountNo,
		 t.authorizationFlag,
         t.authorizationNo,
         t.authorizationTime
        from lcilipay l
        left join lccontinfoili lc on l.proposalcontno=lc.proposalcontno
        left join ThirdPartyAuthorizationRecord t on (l.proposalcontno = t.proposalcontno and lc.bankaccno = t.debitAccountNo and t.newestflag = 'Y')
        where 1=1
        <if test="empid!=null and empid!='' and role=='DM'">
            and(lc.brno in(select ld.companycode  from lduser ld where  ld.emplid =#{empid})
            or lc.brno in (select r.BRANCHCODE from reportauthorization r where  r.STAFFID =#{empid}))
        </if> 
        <if test="empid!=null and empid!='' and role=='SALE_MANAGER'">
            and(lc.brno in(select ld.companycode  from lduser ld where  ld.emplid =#{empid}))
        </if>    
        )lcn  order by lcn.makedate desc, lcn.${sortName} ${sortOrder})untab
    </select> 
    <select id="selectByPrimaryKeyAndInsOfSalem" resultType="com.sinosoft.service.business.ui.task.bean.LCNOTCONCLUSION">
        select untab.*,
        ( select concat(concat(ld.description,':'),ld.cndescription) from
        (SELECT t.rcode,t.proposalprtno, ROW_NUMBER() OVER(PARTITION BY t.proposalprtno ORDER BY t.modifydate
        DESC,t.modifytime desc) RN
        FROM tranlog t where t.funcflag='debit' ) tr
        left join ldhubflag ld on ld.brccode= tr.rcode where tr.proposalprtno=untab.contno and tr.rn=1) description from  
        (select lcn.* from (
            select 
	         l.contno contno,
	         l.debitstatus debitstatus,
	         l.uploadflag uploadflag,
	         l.conclusion conclusion,
	         l.confirmflag confirmflag,
             l.confirmdate confirmdate,
	         l.prem prem,
	         (case 
             when lc.debitflag='0' and (lc.appflag ='12' or lc.appflag = '02') and  NVL(l.updateFlag,'N')!='Y'  then l.conclusiondate-1 
             else l.conclusiondate
             end) conclusiondate ,
	         l.debitenddate debitenddate,
	         l.debitdate,
	         l.insurancecom insurancecom,
	         l.makedate makedate,
	         l.debitauthflag,
             l.staffauth,
             l.dateauth,
	         lc.managecom,
	         lc.operator,
	         lc.riskcode,
	         lc.contno as lccontno,
	         lc.commonchannel,
	         lc.esignflag,
	         lc.custType,
	         lc.appflag,
	         (case
	         when lc.enterWay = 'eEnter' then '投保人自行录入'
	         when lc.enterWay = 'pEnter' then '纸质投保单投保'
	         when lc.enterWay = 'rEnter' then '销售人员代为填写'
	         else '-' end
	         ) enterWay,
	         'NOTP' topupFlag,
	         t.debitAccountNo,
			 t.authorizationFlag,
	         t.authorizationNo,
	         t.authorizationTime
	         from lcnotconclusion l
            left join lccont lc on l.contno=lc.proposalcontno
            left join ThirdPartyAuthorizationRecord t on (l.contno = t.proposalcontno and lc.bankaccno = t.debitAccountNo and t.newestflag = 'Y')
            where 1=1
            <if test="empid!=null and empid!='' and role=='DM'">
                and(lc.managecom in(select ld.companycode  from lduser ld where  ld.emplid =#{empid})
                or lc.managecom in (select r.BRANCHCODE from reportauthorization r where  r.STAFFID =#{empid}))
            </if>
            <if test="empid!=null and empid!='' and role=='SALE_MANAGER'">
                and(lc.managecom in(select ld.companycode  from lduser ld where  ld.emplid =#{empid}))
            </if>
         <if test="contno!=null and contno!='' ">
             and l.CONTNO = #{contno,jdbcType=VARCHAR}
         </if>
          <if test="insurancecom!=null and insurancecom!='' ">
             and l.INSURANCECOM = #{insurancecom,jdbcType=VARCHAR}
         </if>
         <if test="debitstatus!=null and debitstatus!='' "> 
              and l.debitstatus = #{debitstatus,jdbcType=VARCHAR}
            </if>
            <if test="debitAuthFlag!=null and debitAuthFlag!='' "> 
              and l.debitAuthFlag = #{debitAuthFlag,jdbcType=VARCHAR}
            </if>
        union all
         select 
         l.proposalcontno contno,
         l.debitstatus debitstatus,
         l.uploadflag uploadflag,
         l.conclusion conclusion,
         l.confirmflag confirmflag,
         l.confirmdate confirmdate,
         l.sumprem prem,
         l.conclusiondate conclusiondate,
         l.debitenddate debitenddate,
         l.debitdate,
	     l.insurancecom insurancecom,
         l.makedate makedate,
         l.debitauthflag,
         l.staffauth,
         l.dateauth,
         lc.brno managecom ,
         lc.salecode operator,
         lc.riskcode,
         lc.contno as lccontno,
         lc.commonchannel,
         lc.esignflag,
         lc.custType custType,
         lc.flag appflag ,
         '-' enterWay,
         'TP' TOPUPFLAG,
         t.debitAccountNo,
	     t.authorizationFlag,
         t.authorizationNo,
         t.authorizationTime
        from lcilipay l
        left join lccontinfoili lc on l.proposalcontno=lc.proposalcontno
        left join ThirdPartyAuthorizationRecord t on (l.proposalcontno = t.proposalcontno and lc.bankaccno = t.debitAccountNo and t.newestflag = 'Y')
        where 1=1
        <if test="empid!=null and empid!='' and role=='DM'">
            and(lc.brno in(select ld.companycode  from lduser ld where  ld.emplid =#{empid})
            or lc.brno in (select r.BRANCHCODE from reportauthorization r where  r.STAFFID =#{empid}))
        </if> 
        <if test="empid!=null and empid!='' and role=='SALE_MANAGER'">
            and(lc.brno in(select ld.companycode  from lduser ld where  ld.emplid =#{empid}))
        </if>  
         <if test="contno!=null and contno!='' ">
             and l.proposalcontno = #{contno,jdbcType=VARCHAR}
         </if>
          <if test="insurancecom!=null and insurancecom!='' ">
             and l.INSURANCECOM = #{insurancecom,jdbcType=VARCHAR}
         </if>
       <if test="debitstatus!=null and debitstatus!='' "> 
              and l.debitstatus = #{debitstatus,jdbcType=VARCHAR}
            </if>
            <if test="debitAuthFlag!=null and debitAuthFlag!='' "> 
              and l.debitAuthFlag = #{debitAuthFlag,jdbcType=VARCHAR}
            </if>
        )lcn  order by lcn.makedate desc, lcn.${sortName} ${sortOrder}) untab
    </select>
</mapper>