<?xml version="1.0" encoding="UTF-8"?>
<!DOCTYPE mapper PUBLIC "-//mybatis.org//DTD Mapper 3.0//EN" "http://mybatis.org/dtd/mybatis-3-mapper.dtd">
<mapper namespace="com.sinosoft.service.business.db.dao.PHubHistoryMapper">
  <resultMap id="BaseResultMap" type="com.sinosoft.service.business.db.vo.HubHistory">
    <id column="TRANSNO" jdbcType="VARCHAR" property="transno" />
    <result column="INSUCOM" jdbcType="VARCHAR" property="insucom" />
    <result column="INCOME" jdbcType="VARCHAR" property="income" />
    <result column="WORKUNIT" jdbcType="VARCHAR" property="workunit" />
    <result column="GOALTYPE" jdbcType="VARCHAR" property="goaltype" />
    <result column="ANOTHERHOLDERNAME" jdbcType="VARCHAR" property="anotherholdername" />
    <result column="ANOTHERHOLDERIDTYPE" jdbcType="VARCHAR" property="anotherholderidtype" />
    <result column="ANOTHERHOLDERIDNO" jdbcType="VARCHAR" property="anotherholderidno" />
    <result column="ANOTHERHOLDERCOUNTRY" jdbcType="VARCHAR" property="anotherholdercountry" />
    <result column="JOINACCFLAG" jdbcType="VARCHAR" property="joinaccflag" />
    <result column="OTHERGOALTYPE" jdbcType="VARCHAR" property="othergoaltype" />
     <result column="RISKLEVEL" jdbcType="VARCHAR" property="riskLevel" />
    
  </resultMap>
  <sql id="Base_Column_List">
    TRANSNO, INSUCOM, INCOME, WORKUNIT, GOALTYPE, ANOTHERHOLDERNAME, ANOTHERHOLDERIDTYPE, ANOTHERHOLDERIDNO,ANOTHERHOLDERCOUNTRY,JOINACCFLAG,
    OTHERGOALTYPE,RISKLEVEL
  </sql>
  <select id="selectByPrimaryKey" parameterType="java.lang.String" resultMap="BaseResultMap">
    select 
    <include refid="Base_Column_List" />
    from PHUBHISTORY
    where TRANSNO = #{transno,jdbcType=VARCHAR}
  </select>
  <delete id="deleteByPrimaryKey" parameterType="java.lang.String">
    delete from PHUBHISTORY
    where TRANSNO = #{transno,jdbcType=VARCHAR}
  </delete>
  <insert id="insert" parameterType="com.sinosoft.service.business.db.vo.HubHistory">
    insert into PHUBHISTORY (TRANSNO, INSUCOM,INCOME, WORKUNIT, 
      GOALTYPE, ANOTHERHOLDERNAME, ANOTHERHOLDERIDTYPE, 
      ANOTHERHOLDERIDNO,ANOTHERHOLDERCOUNTRY,JOINACCFLAG,OTHERGOALTYPE,RISKLEVEL)
    values (#{transno,jdbcType=VARCHAR}, #{insucom,jdbcType=VARCHAR},#{income,jdbcType=VARCHAR}, #{workunit,jdbcType=VARCHAR}, 
      #{goaltype,jdbcType=VARCHAR}, #{anotherholdername,jdbcType=VARCHAR}, #{anotherholderidtype,jdbcType=VARCHAR}, 
      #{anotherholderidno,jdbcType=VARCHAR},#{anotherholdercountry,jdbcType=VARCHAR},#{joinaccflag,jdbcType=VARCHAR},#{othergoaltype,jdbcType=VARCHAR}
      ,#{riskLevel,jdbcType=VARCHAR})
  </insert>
  <insert id="insertSelective" parameterType="com.sinosoft.service.business.db.vo.HubHistory">
    insert into PHUBHISTORY
    <trim prefix="(" suffix=")" suffixOverrides=",">
      <if test="transno != null and transno!='' ">
        TRANSNO,
      </if>
      <if test="insucom != null and insucom!='' ">
        INSUCOM,
      </if>
      <if test="income != null and income!='' ">
        INCOME,
      </if>
      <if test="workunit != null and workunit!='' ">
        WORKUNIT,
      </if>
      <if test="goaltype != null and goaltype!='' ">
        GOALTYPE,
      </if>
      <if test="anotherholdername != null and anotherholdername!='' ">
        ANOTHERHOLDERNAME,
      </if>
      <if test="anotherholderidtype != null and anotherholderidtype!='' ">
        ANOTHERHOLDERIDTYPE,
      </if>
      <if test="anotherholderidno != null and anotherholderidno!='' ">
        ANOTHERHOLDERIDNO,
      </if>
      <if test="anotherholdercountry != null and anotherholdercountry!='' ">
        ANOTHERHOLDERCOUNTRY,
      </if>
      <if test="joinaccflag != null and joinaccflag !='' ">
      	JOINACCFLAG,
      </if>
      <if test="othergoaltype != null and othergoaltype !='' ">
      	OTHERGOALTYPE,
      </if>
       <if test="riskLevel != null and riskLevel !='' ">
      	RISKLEVEL,
      </if>
    </trim>
    <trim prefix="values (" suffix=")" suffixOverrides=",">
      <if test="transno != null and transno != '' ">
        #{transno,jdbcType=VARCHAR},
      </if>
      <if test="insucom != null and insucom !='' ">
        #{insucom,jdbcType=VARCHAR},
      </if>
      <if test="income != null and income!=''  ">
        #{income,jdbcType=VARCHAR},
      </if>
      <if test="workunit != null and workunit!='' ">
        #{workunit,jdbcType=VARCHAR},
      </if>
      <if test="goaltype != null and goaltype!='' ">
        #{goaltype,jdbcType=VARCHAR},
      </if>
      <if test="anotherholdername != null and anotherholdername!='' ">
        #{anotherholdername,jdbcType=VARCHAR},
      </if>
      <if test="anotherholderidtype != null and  anotherholderidtype!='' ">
        #{anotherholderidtype,jdbcType=VARCHAR},
      </if>
      <if test="anotherholderidno != null and anotherholderidno!='' ">
        #{anotherholderidno,jdbcType=VARCHAR},
      </if>
      <if test="anotherholdercountry != null and anotherholdercountry!='' ">
        #{anotherholdercountry,jdbcType=VARCHAR},
      </if>
      <if test="joinaccflag != null and joinaccflag != ''">
      	#{joinaccflag,jdbcType=VARCHAR},
      </if>
      <if test="othergoaltype != null and othergoaltype != ''">
      	#{othergoaltype,jdbcType=VARCHAR},
      </if>
      <if test="riskLevel != null and riskLevel != ''">
      	#{riskLevel,jdbcType=VARCHAR},
      </if>
    </trim>
  </insert>
  <update id="updateByPrimaryKeySelective" parameterType="com.sinosoft.service.business.db.vo.HubHistory">
    update PHUBHISTORY
    <set>
      <if test="insucom != null and insucom!='' ">
        INSUCOM = #{insucom,jdbcType=VARCHAR},
      </if>
      <if test="income != null and income!='' ">
        INCOME = #{income,jdbcType=VARCHAR},
      </if>
      <if test="workunit != null and workunit!='' ">
        WORKUNIT = #{workunit,jdbcType=VARCHAR},
      </if>
      <if test="goaltype != null and goaltype!='' ">
        GOALTYPE = #{goaltype,jdbcType=VARCHAR},
      </if>
      <if test="anotherholdername != null and anotherholdername!='' ">
        ANOTHERHOLDERNAME = #{anotherholdername,jdbcType=VARCHAR},
      </if>
      <if test="anotherholderidtype != null and anotherholderidtype!='' ">
        ANOTHERHOLDERIDTYPE = #{anotherholderidtype,jdbcType=VARCHAR},
      </if>
      <if test="anotherholderidno != null and anotherholderidno!='' ">
        ANOTHERHOLDERIDNO = #{anotherholderidno,jdbcType=VARCHAR},
      </if>
       <if test="anotherholdercountry != null and anotherholdercountry!='' ">
        ANOTHERHOLDERCOUNTRY = #{anotherholdercountry,jdbcType=VARCHAR},
      </if>
      <if test="joinaccflag != null and joinaccflag != ''">
      	JOINACCFLAG = #{joinaccflag,jdbcType=VARCHAR},
      </if>
      <if test="othergoaltype != null and othergoaltype != ''">
      	OTHERGOALTYPE = #{othergoaltype,jdbcType=VARCHAR},
      </if>
      <if test="riskLevel != null and riskLevel != ''">
      	RISKLEVEL = #{riskLevel,jdbcType=VARCHAR},
      </if>
    </set>
    where TRANSNO = #{transno,jdbcType=VARCHAR}
  </update>
  <update id="updateByPrimaryKey" parameterType="com.sinosoft.service.business.db.vo.HubHistory">
    update PHUBHISTORY
    set INSUCOM = #{insucom,jdbcType=VARCHAR},
      INCOME = #{income,jdbcType=VARCHAR},
      WORKUNIT = #{workunit,jdbcType=VARCHAR},
      GOALTYPE = #{goaltype,jdbcType=VARCHAR},
      ANOTHERHOLDERNAME = #{anotherholdername,jdbcType=VARCHAR},
      ANOTHERHOLDERIDTYPE = #{anotherholderidtype,jdbcType=VARCHAR},
      ANOTHERHOLDERIDNO = #{anotherholderidno,jdbcType=VARCHAR},
      ANOTHERHOLDERCOUNTRY = #{anotherholdercountry,jdbcType=VARCHAR},
      JOINACCFLAG = #{joinaccflag,jdbcType=VARCHAR},
      OTHERGOALTYPE = #{othergoaltype,jdbcType=VARCHAR}
    where TRANSNO = #{transno,jdbcType=VARCHAR}
  </update>
</mapper>