<?xml version="1.0" encoding="UTF-8"?>
<!DOCTYPE mapper PUBLIC "-//mybatis.org//DTD Mapper 3.0//EN" "http://mybatis.org/dtd/mybatis-3-mapper.dtd">
<mapper namespace="com.sinosoft.service.business.db.dao.PImpartContentInsusBeanMapper">
  <resultMap id="BaseResultMap" type="com.sinosoft.service.business.db.vo.ImpartContentInsusBean">
    <id column="CONTNOIMPARTCODE" jdbcType="VARCHAR" property="contnoimpartcode" />
    <id column="INSUNO" jdbcType="VARCHAR" property="insuno" />
    <id column="IMPARTCODE" jdbcType="VARCHAR" property="impartcode" />
    <result column="TRANSNO" jdbcType="VARCHAR" property="transno" />
    <result column="CONTNO" jdbcType="VARCHAR" property="contno" />
    <result column="INSUREDIMPART" jdbcType="VARCHAR" property="insuredimpart" />
    <result column="INSUREDYESORNO" jdbcType="VARCHAR" property="insuredyesorno" />
    <result column="IMPARTNO" jdbcType="VARCHAR" property="impartno" />
    <result column="RISKCODE" jdbcType="VARCHAR" property="riskcode" />
  </resultMap>
  
  <delete id="deleteByPrimaryKey" parameterType="map">
    delete from IMPARTCONTENTINSUS
    where CONTNOIMPARTCODE = #{contnoimpartcode,jdbcType=VARCHAR}
      and INSUNO = #{insuno,jdbcType=VARCHAR}
      and IMPARTCODE = #{impartcode,jdbcType=VARCHAR}
  </delete>
  <delete id="deleteByTransno" parameterType="String">
    delete from IMPARTCONTENTINSUS
    where TRANSNO = #{transno,jdbcType=VARCHAR}
  </delete>
  
  
    <delete id="deleteOtherByTransno" parameterType="String">
    delete from PImpartContentOtherInsus
    where TRANSNO = #{transno,jdbcType=VARCHAR}
  </delete>
  <insert id="insert" parameterType="com.sinosoft.service.business.db.vo.ImpartContentInsusBean">
    insert into IMPARTCONTENTINSUS (CONTNOIMPARTCODE, INSUNO, IMPARTCODE, 
      TRANSNO, CONTNO, INSUREDIMPART, 
      INSUREDYESORNO, IMPARTNO,RISKCODE)
    values (#{contnoimpartcode,jdbcType=VARCHAR}, #{insuno,jdbcType=VARCHAR}, #{impartcode,jdbcType=VARCHAR}, 
      #{transno,jdbcType=VARCHAR}, #{contno,jdbcType=VARCHAR}, #{insuredimpart,jdbcType=VARCHAR}, 
      #{insuredyesorno,jdbcType=VARCHAR}, #{impartno,jdbcType=VARCHAR},#{riskcode,jdbcType=VARCHAR})
  </insert>
  
  
  
  
   <insert id="insertImpartContentOtherInsus" parameterType="com.sinosoft.service.business.db.vo.ImpartContentOtherInsusBean">
    insert into ImpartContentOtherInsus (CONTNOIMPARTCODE, INSUNO, IMPARTCODE, 
      TRANSNO, CONTNO, INSUREDIMPART, 
      INSUREDYESORNO, IMPARTNO,idtype,idno)
    values (#{contnoimpartcode,jdbcType=VARCHAR}, #{insuno,jdbcType=VARCHAR}, #{impartcode,jdbcType=VARCHAR}, 
      #{transno,jdbcType=VARCHAR}, #{contno,jdbcType=VARCHAR}, #{insuredimpart,jdbcType=VARCHAR}, 
      #{insuredyesorno,jdbcType=VARCHAR}, #{impartno,jdbcType=VARCHAR},#{idtype,jdbcType=VARCHAR}, #{idno,jdbcType=VARCHAR})
  </insert>
  <update id="updateByPrimaryKey" parameterType="com.sinosoft.service.business.db.vo.ImpartContentInsusBean">
    update IMPARTCONTENTINSUS
    set TRANSNO = #{transno,jdbcType=VARCHAR},
      CONTNO = #{contno,jdbcType=VARCHAR},
      INSUREDIMPART = #{insuredimpart,jdbcType=VARCHAR},
      INSUREDYESORNO = #{insuredyesorno,jdbcType=VARCHAR},
      IMPARTNO = #{impartno,jdbcType=VARCHAR},
      RISKCODE = #{riskcode,jdbcType=VARCHAR}
    where CONTNOIMPARTCODE = #{contnoimpartcode,jdbcType=VARCHAR}
      and INSUNO = #{insuno,jdbcType=VARCHAR}
      and IMPARTCODE = #{impartcode,jdbcType=VARCHAR}
      and RISKCODE = #{riskcode,jdbcType=VARCHAR}
  </update>
  <select id="selectByPrimaryKey" parameterType="map" resultMap="BaseResultMap">
    select CONTNOIMPARTCODE, INSUNO, IMPARTCODE, TRANSNO, CONTNO, INSUREDIMPART, INSUREDYESORNO, 
    IMPARTNO
    from IMPARTCONTENTINSUS
    where CONTNOIMPARTCODE = #{contnoimpartcode,jdbcType=VARCHAR}
      and INSUNO = #{insuno,jdbcType=VARCHAR}
      and IMPARTCODE = #{impartcode,jdbcType=VARCHAR}
  </select>
  
   <select id="selectByContnoImpartCode" parameterType="String" resultMap="BaseResultMap">
    select CONTNOIMPARTCODE, INSUNO, IMPARTCODE, TRANSNO, CONTNO, INSUREDIMPART, INSUREDYESORNO, 
    IMPARTNO,RISKCODE
    from IMPARTCONTENTINSUS
    where CONTNOIMPARTCODE = #{contnoimpartcode,jdbcType=VARCHAR}
  </select>
  <select id="selectAll" resultMap="BaseResultMap" parameterType="String">
    select CONTNOIMPARTCODE, INSUNO, IMPARTCODE, TRANSNO, CONTNO, INSUREDIMPART, INSUREDYESORNO, 
    IMPARTNO,RISKCODE
    from IMPARTCONTENTINSUS where TRANSNO = #{transno,jdbcType=VARCHAR} order by IMPARTCODE,INSUNO
  </select>
  
   <select id="selectOtherAll" resultType="com.sinosoft.service.business.db.vo.ImpartContentOtherInsusBean" parameterType="String">
    select *
    from ImpartContentOtherInsus where TRANSNO = #{transno,jdbcType=VARCHAR} order by IMPARTCODE,INSUNO
  </select>
  
  
    <!-- 批量插入 -->
  <insert id="batchInsert" parameterType="java.util.List" useGeneratedKeys="false">
          BEGIN  
      <foreach collection="list" item="item" separator=";"> 
          insert into IMPARTCONTENTINSUS
    <trim prefix="(" suffix=")" suffixOverrides="," >
      <if test="item.contnoimpartcode != null" >
        CONTNOIMPARTCODE,
      </if>
      <if test="item.insuno != null" >
        INSUNO,
      </if>
      <if test="item.impartcode != null" >
        IMPARTCODE,
      </if>
      <if test="item.transno != null" >
        TRANSNO,
      </if>
      <if test="item.contno != null" >
        CONTNO,
      </if>
      <if test="item.insuredimpart != null" >
        INSUREDIMPART,
      </if>
      <if test="item.insuredyesorno != null" >
        INSUREDYESORNO,
      </if>
       <if test="item.impartno != null" >
        IMPARTNO,
      </if>
      <if test="item.riskcode != null" >
        RISKCODE,
      </if>
    </trim>
    <trim prefix="values (" suffix=")" suffixOverrides="," >
      <if test="item.contnoimpartcode != null" >
        #{item.contnoimpartcode,jdbcType=VARCHAR},
      </if>
      <if test="item.insuno != null" >
        #{item.insuno,jdbcType=VARCHAR},
      </if>
	  <if test="item.impartcode != null" >
        #{item.impartcode,jdbcType=VARCHAR},
      </if>
      <if test="item.transno != null" >
        #{item.transno,jdbcType=VARCHAR},
      </if>
      <if test="item.contno != null" >
        #{item.contno,jdbcType=VARCHAR},
      </if>
      <if test="item.insuredimpart != null" >
        #{item.insuredimpart,jdbcType=VARCHAR},
      </if>
      <if test="item.insuredyesorno != null" >
        #{item.insuredyesorno,jdbcType=VARCHAR},
      </if>
      <if test="item.impartno != null" >
        #{item.impartno,jdbcType=VARCHAR},
      </if>
      <if test="item.riskcode != null" >
        #{item.riskcode,jdbcType=VARCHAR},
      </if>
    </trim>
      </foreach>
      ;END;
  </insert>
  
  
  
  
   
    <!-- 批量插入 -->
  <insert id="batchInsertOther" parameterType="java.util.List" useGeneratedKeys="false">
          BEGIN  
      <foreach collection="list" item="item" separator=";"> 
          insert into ImpartContentOtherInsus
    <trim prefix="(" suffix=")" suffixOverrides="," >
      <if test="item.contnoimpartcode != null" >
        CONTNOIMPARTCODE,
      </if>
      <if test="item.insuno != null" >
        INSUNO,
      </if>
      <if test="item.impartcode != null" >
        IMPARTCODE,
      </if>
      <if test="item.transno != null" >
        TRANSNO,
      </if>
      <if test="item.contno != null" >
        CONTNO,
      </if>
      <if test="item.insuredimpart != null" >
        INSUREDIMPART,
      </if>
      <if test="item.insuredyesorno != null" >
        INSUREDYESORNO,
      </if>
       <if test="item.impartno != null" >
        IMPARTNO,
      </if>
      <if test="item.idtype != null" >
        idtype,
      </if>
       <if test="item.idno != null" >
        idno,
      </if>
      
    </trim>
    <trim prefix="values (" suffix=")" suffixOverrides="," >
      <if test="item.contnoimpartcode != null" >
        #{item.contnoimpartcode,jdbcType=VARCHAR},
      </if>
      <if test="item.insuno != null" >
        #{item.insuno,jdbcType=VARCHAR},
      </if>
	  <if test="item.impartcode != null" >
        #{item.impartcode,jdbcType=VARCHAR},
      </if>
      <if test="item.transno != null" >
        #{item.transno,jdbcType=VARCHAR},
      </if>
      <if test="item.contno != null" >
        #{item.contno,jdbcType=VARCHAR},
      </if>
      <if test="item.insuredimpart != null" >
        #{item.insuredimpart,jdbcType=VARCHAR},
      </if>
      <if test="item.insuredyesorno != null" >
        #{item.insuredyesorno,jdbcType=VARCHAR},
      </if>
      <if test="item.impartno != null" >
        #{item.impartno,jdbcType=VARCHAR},
      </if>
      <if test="item.idtype != null" >
        #{item.idtype,jdbcType=VARCHAR},
      </if>
      <if test="item.idno != null" >
        #{item.idno,jdbcType=VARCHAR},
      </if>
    </trim>
      </foreach>
      ;END;
  </insert>
</mapper>