<?xml version="1.0" encoding="UTF-8" ?>  
<!DOCTYPE mapper PUBLIC "-//mybatis.org//DTD Mapper 3.0//EN" "http://mybatis.org/dtd/mybatis-3-mapper.dtd" >
<mapper namespace="com.sinosoft.service.business.db.dao.PlcaddressVoMapper" >
  <resultMap id="BaseResultMap" type="com.sinosoft.service.business.db.vo.lcaddressVo" >
    <id column="TRANSNO" property="transno" jdbcType="VARCHAR" />
    <id column="CUSTOMERNO" property="customerno" jdbcType="VARCHAR" />
    <id column="ADDRESSNO" property="addressno" jdbcType="DECIMAL" />
    <result column="POSTALADDRESS" property="postaladdress" jdbcType="VARCHAR" />
    <result column="ZIPCODE" property="zipcode" jdbcType="VARCHAR" />
    <result column="PHONE" property="phone" jdbcType="VARCHAR" />
    <result column="HOMEADDRESS" property="homeaddress" jdbcType="VARCHAR" />
    <result column="HOMEZIPCODE" property="homezipcode" jdbcType="VARCHAR" />
    <result column="HOMEPHONE" property="homephone" jdbcType="VARCHAR" />
    <result column="MOBILE" property="mobile" jdbcType="VARCHAR" />
    <result column="EMAIL" property="email" jdbcType="VARCHAR" />
    <result column="OPERATOR" property="operator" jdbcType="VARCHAR" />
    <result column="MAKEDATE" property="makedate" jdbcType="VARCHAR" />
    <result column="MAKETIME" property="maketime" jdbcType="VARCHAR" />
    <result column="MODIFYDATE" property="modifydate" jdbcType="VARCHAR" />
    <result column="MODIFYTIME" property="modifytime" jdbcType="VARCHAR" />
    <result column="OTHERADDRESS" property="otheraddress" jdbcType="VARCHAR" />
    <result column="POSTALFLAG" property="postalflag" jdbcType="VARCHAR" />
    <result column="POSTPROVINCE" property="postprovince" jdbcType="VARCHAR" />
    <result column="POSTCITY" property="postcity" jdbcType="VARCHAR" />
    <result column="POSTDISTRICT" property="postdistrict" jdbcType="VARCHAR" />
    <result column="HOMEPROVINCE" property="homeprovince" jdbcType="VARCHAR" />
    <result column="HOMECITY" property="homecity" jdbcType="VARCHAR" />
    <result column="HOMEDISTRICT" property="homedistrict" jdbcType="VARCHAR" />
    <result column="COUNTRYCODETEL_TEL" property="countrycodetel_tel" jdbcType="VARCHAR" />
    <result column="AREACODETEL" property="areacodetel" jdbcType="VARCHAR" />
  	<result column="COUNTRYCODETEL_MOB" property="countrycodetel_mob" jdbcType="VARCHAR" />

  	<result column="COUNTRYCODE_LOY" property="countrycode_loy" jdbcType="VARCHAR" />
  	<result column="EMPLOYPHONE" property="employphone" jdbcType="VARCHAR" />
  	<result column="ADDRESSCOUNTRY" property="addresscountry" jdbcType="VARCHAR" />
  	<result column="ZACTLADDRCOUNTRY" property="zactladdrcountry" jdbcType="VARCHAR" />
  	<result column="EMPLOYDETAILS" property="employdetails" jdbcType="VARCHAR" />
  	<result column="EMPLOYAREA" property="employarea" jdbcType="VARCHAR" />
  	<result column="EMPLOYCITY" property="employcity" jdbcType="VARCHAR" />
  	<result column="EMPLOYPROVINCE" property="employprovince" jdbcType="VARCHAR" />
  	<result column="EMPLOYCOUNTRY" property="employcountry" jdbcType="VARCHAR" />
  	<result column="PERMANENTCOUNTRY" property="permanentcountry" jdbcType="VARCHAR" />
  	<result column="PERMANENTPROVINCE" property="permanentprovince" jdbcType="VARCHAR" />
  	<result column="PERMANENTCITY" property="permanentcity" jdbcType="VARCHAR" />
  	<result column="PERMANENTAREA" property="permanentarea" jdbcType="VARCHAR" />
  	<result column="PERMANENTDETAILS" property="permanentdetails" jdbcType="VARCHAR" />
  	<result column="PREVIOUSCOUNTRY" property="previouscountry" jdbcType="VARCHAR" />
  	<result column="PREVIOUSPROVINCE" property="previousprovince" jdbcType="VARCHAR" />
  	<result column="PREVIOUSCITY" property="previouscity" jdbcType="VARCHAR" />
  	<result column="PREVIOUSAREA" property="previousarea" jdbcType="VARCHAR" />
  	<result column="PREVIOUSDETAILS" property="previousdetails" jdbcType="VARCHAR" />
  	<result column="POSTTOWN" property="posttown" jdbcType="VARCHAR" />
  	<result column="POSTVILLAGE" property="postvillage" jdbcType="VARCHAR" />
  	<result column="MOBILEPHONECOUNTRY" property="mobilephonecountry" jdbcType="VARCHAR" />
    <result column="HOMEPHONECOUNTRY" property="homephonecountry" jdbcType="VARCHAR" />
    <result column="EMPLOYPHONECOUNTRY" property="employphonecountry" jdbcType="VARCHAR" />
    <result column="EMPLOYAREACODETEL" property="employareacodetel" jdbcType="VARCHAR" />
    
    <result column="HOMEDETAILS" property="homedetails" jdbcType="VARCHAR" />
    <result column="POSTDETAILS" property="postdetails" jdbcType="VARCHAR" />
  </resultMap>
  
  <sql id="Base_Column_List" >
    TRANSNO, CUSTOMERNO, ADDRESSNO, POSTALADDRESS, ZIPCODE, PHONE, HOMEADDRESS, HOMEZIPCODE, 
    HOMEPHONE, MOBILE, EMAIL, OPERATOR, MAKEDATE, MAKETIME, MODIFYDATE, MODIFYTIME,OTHERADDRESS, POSTALFLAG,AREACODETEL
  </sql>
  <sql id="Base_Column_List_anzl" >
    TRANSNO, CUSTOMERNO, ADDRESSNO, POSTALADDRESS, ZIPCODE, PHONE, HOMEADDRESS, HOMEZIPCODE, 
    HOMEPHONE, MOBILE, EMAIL, OPERATOR, MAKEDATE, MAKETIME, MODIFYDATE, MODIFYTIME,OTHERADDRESS, POSTALFLAG,
    POSTPROVINCE,POSTCITY,POSTDISTRICT,HOMEPROVINCE,HOMECITY,HOMEDISTRICT,COUNTRYCODETEL_TEL,AREACODETEL,COUNTRYCODETEL_MOB,
    COUNTRYCODE_LOY,EMPLOYPHONE,ADDRESSCOUNTRY,ZACTLADDRCOUNTRY,EMPLOYDETAILS,EMPLOYAREA,EMPLOYCITY,
	EMPLOYPROVINCE,EMPLOYCOUNTRY,PERMANENTCOUNTRY,PERMANENTPROVINCE,PERMANENTCITY,PERMANENTAREA,PERMANENTDETAILS,
	PREVIOUSCOUNTRY,PREVIOUSPROVINCE,PREVIOUSCITY,PREVIOUSAREA,PREVIOUSDETAILS,POSTTOWN,POSTVILLAGE,MOBILEPHONECOUNTRY,
	HOMEPHONECOUNTRY,EMPLOYPHONECOUNTRY,EMPLOYAREACODETEL,HOMEDETAILS,POSTDETAILS
  </sql>
  <select id="selectByPrimaryKey" resultMap="BaseResultMap" parameterType="com.sinosoft.service.business.db.vo.lcaddressVo" >
    select 
    <include refid="Base_Column_List" />
    from PLCADDRESS
    where TRANSNO = #{transno,jdbcType=VARCHAR}
    and CUSTOMERNO=#{customerno,jdbcType=VARCHAR}
    and ADDRESSNO=#{addressno,jdbcType=DECIMAL}
  </select>
   <select id="selectByPrimaryKey_anzl" resultMap="BaseResultMap" parameterType="com.sinosoft.service.business.db.vo.lcaddressVo" >
    select 
    <include refid="Base_Column_List_anzl" />
    from PLCADDRESS
    where TRANSNO = #{transno,jdbcType=VARCHAR}
    and CUSTOMERNO=#{customerno,jdbcType=VARCHAR}
    and ADDRESSNO=#{addressno,jdbcType=DECIMAL}
  </select>
  
  
  <select id="selectOtherByPrimaryKey_anzl" resultType="com.sinosoft.service.business.db.vo.OtherInsuredLcaddressVo" parameterType="com.sinosoft.service.business.db.vo.OtherInsuredLcaddressVo" >
    select 
    *
    from potherinsuredlcaddress
    where TRANSNO = #{transno,jdbcType=VARCHAR}
    and CUSTOMERNO=#{customerno,jdbcType=VARCHAR}
    and ADDRESSNO=#{addressno,jdbcType=DECIMAL}
  </select>
  
  <select id="selectByPrimaryKey_anzlList" resultMap="BaseResultMap" parameterType="com.sinosoft.service.business.db.vo.lcaddressVo" >
    select 
    <include refid="Base_Column_List_anzl" />
    from PLCADDRESS
    where TRANSNO = #{oldtransno,jdbcType=VARCHAR}
    and CUSTOMERNO=#{grpcontno,jdbcType=VARCHAR}
  </select>
  
  <insert id="batchInsert" parameterType="java.util.List" useGeneratedKeys="false">
        BEGIN  
      <foreach collection="list" item="item" separator=";"> 
          insert into PLCADDRESS
    <trim prefix="(" suffix=")" suffixOverrides="," >
      <if test="item.transno != null" >
        TRANSNO,
      </if>
      <if test="item.customerno != null" >
        CUSTOMERNO,
      </if>
      <if test="item.addressno != null" >
        ADDRESSNO,
      </if>
      <if test="item.postaladdress != null" >
        POSTALADDRESS,
      </if>
      <if test="item.zipcode != null" >
        ZIPCODE,
      </if>
      <if test="item.phone != null" >
        PHONE,
      </if>
      <if test="item.homeaddress != null" >
        HOMEADDRESS,
      </if>
      <if test="item.homezipcode != null" >
        HOMEZIPCODE,
      </if>
      <if test="item.homephone != null" >
        HOMEPHONE,
      </if>
      <if test="item.mobile != null" >
        MOBILE,
      </if>
      <if test="item.email != null" >
        EMAIL,
      </if>
      <if test="item.operator != null" >
        OPERATOR,
      </if>
      <if test="item.makedate != null" >
        MAKEDATE,
      </if>
      <if test="item.maketime != null" >
        MAKETIME,
      </if>
      <if test="item.modifydate != null" >
        MODIFYDATE,
      </if>
      <if test="item.modifytime != null" >
        MODIFYTIME,
      </if>
      <if test="item.otheraddress != null" >
        OTHERADDRESS,
      </if>
      <if test="item.postalflag != null" >
        POSTALFLAG,
      </if>
      <if test="item.postprovince != null" >
        POSTPROVINCE,
      </if>
      <if test="item.postcity != null" >
        POSTCITY,
      </if>
      <if test="item.postdistrict != null" >
        POSTDISTRICT,
      </if>
      <if test="item.homeprovince != null" >
        HOMEPROVINCE,
      </if>
      <if test="item.homecity != null" >
        HOMECITY,
      </if>
      <if test="item.homedistrict != null" >
        HOMEDISTRICT,
      </if>
      <if test="item.countrycodetel_tel != null" >
        COUNTRYCODETEL_TEL,
      </if>
      <if test="item.areacodetel != null" >
        AREACODETEL,
      </if>
      <if test="item.countrycodetel_mob != null" >
        COUNTRYCODETEL_MOB,
      </if>
      <if test="item.countrycode_loy != null">
      	COUNTRYCODE_LOY,
      </if>
      <if test="item.employphone != null">
      	EMPLOYPHONE,
      </if>
      <if test="item.addresscountry != null">
      	ADDRESSCOUNTRY,
      </if>
      <if test="item.zactladdrcountry != null">
      	ZACTLADDRCOUNTRY,
      </if>
      <if test="item.employdetails != null">
      	EMPLOYDETAILS,
      </if>
      <if test="item.employarea != null">
      	EMPLOYAREA,
      </if>
      <if test="item.employcity != null">
      	EMPLOYCITY,
      </if>
      <if test="item.employprovince != null">
      	EMPLOYPROVINCE,
      </if>
      <if test="item.employcountry != null">
      	EMPLOYCOUNTRY,
      </if>
      <if test="item.permanentcountry != null">
      	PERMANENTCOUNTRY,
      </if>
      <if test="item.permanentprovince != null">
      	PERMANENTPROVINCE,
      </if>
      <if test="item.permanentcity != null">
      	PERMANENTCITY,
      </if>
      <if test="item.permanentarea != null">
      	PERMANENTAREA,
      </if>
      <if test="item.permanentdetails != null">
      	PERMANENTDETAILS,
      </if>
      <if test="item.previouscountry != null">
      	PREVIOUSCOUNTRY,
      </if>
      <if test="item.previousprovince != null">
      	PREVIOUSPROVINCE,
      </if>
      <if test="item.previouscity != null">
      	PREVIOUSCITY,
      </if>
      <if test="item.previousarea != null">
      	PREVIOUSAREA,
      </if>
      <if test="item.previousdetails != null">
      	PREVIOUSDETAILS,
      </if>
      <if test="item.posttown != null">
      	POSTTOWN,
      </if>
      <if test="item.postvillage != null">
      	POSTVILLAGE,
      </if>
      <if test="item.mobilephonecountry != null">
        MOBILEPHONECOUNTRY,
      </if>
      <if test="item.homephonecountry != null">
        HOMEPHONECOUNTRY,
      </if>
      <if test="item.employphonecountry != null">
        EMPLOYPHONECOUNTRY,
      </if>
      <if test="item.employareacodetel != null">
      	EMPLOYAREACODETEL,
      </if>
      <if test="item.homedetails != null">
      	HOMEDETAILS,
      </if>
      <if test="item.postdetails != null">
      	POSTDETAILS,
      </if>
    </trim>
    <trim prefix="values (" suffix=")" suffixOverrides="," >
      <if test="item.transno != null" >
        #{item.transno,jdbcType=VARCHAR},
      </if>
      <if test="item.customerno != null" >
        #{item.customerno,jdbcType=VARCHAR},
      </if>
      <if test="item.addressno != null" >
        #{item.addressno,jdbcType=DECIMAL},
      </if>
      <if test="item.postaladdress != null" >
        #{item.postaladdress,jdbcType=VARCHAR},
      </if>
      <if test="item.zipcode != null" >
        #{item.zipcode,jdbcType=VARCHAR},
      </if>
      <if test="item.phone != null" >
        #{item.phone,jdbcType=VARCHAR},
      </if>
      <if test="item.homeaddress != null" >
        #{item.homeaddress,jdbcType=VARCHAR},
      </if>
      <if test="item.homezipcode != null" >
        #{item.homezipcode,jdbcType=VARCHAR},
      </if>
      <if test="item.homephone != null" >
        #{item.homephone,jdbcType=VARCHAR},
      </if>
      <if test="item.mobile != null" >
        #{item.mobile,jdbcType=VARCHAR},
      </if>
      <if test="item.email != null" >
        #{item.email,jdbcType=VARCHAR},
      </if>
      <if test="item.operator != null" >
        #{item.operator,jdbcType=VARCHAR},
      </if>
      <if test="item.makedate != null" >
        #{item.makedate,jdbcType=VARCHAR},
      </if>
      <if test="item.maketime != null" >
        #{item.maketime,jdbcType=VARCHAR},
      </if>
      <if test="item.modifydate != null" >
        #{item.modifydate,jdbcType=VARCHAR},
      </if>
      <if test="item.modifytime != null" >
        #{item.modifytime,jdbcType=VARCHAR},
      </if>
      <if test="item.otheraddress != null" >
        #{item.otheraddress,jdbcType=VARCHAR},
      </if>
      <if test="item.postalflag != null" >
        #{item.postalflag,jdbcType=VARCHAR},
      </if>
      <if test="item.postprovince != null" >
        #{item.postprovince,jdbcType=VARCHAR},
      </if>
       <if test="item.postcity != null" >
        #{item.postcity,jdbcType=VARCHAR},
      </if>
       <if test="item.postdistrict != null" >
        #{item.postdistrict,jdbcType=VARCHAR},
      </if>
       <if test="item.homeprovince != null" >
        #{item.homeprovince,jdbcType=VARCHAR},
      </if>
       <if test="item.homecity != null" >
        #{item.homecity,jdbcType=VARCHAR},
      </if>
       <if test="item.homedistrict != null" >
        #{item.homedistrict,jdbcType=VARCHAR},
      </if>
      <if test="item.countrycodetel_tel != null" >
        #{item.countrycodetel_tel,jdbcType=VARCHAR},
      </if>
      <if test="item.areacodetel != null" >
        #{item.areacodetel,jdbcType=VARCHAR},
      </if>
      <if test="item.countrycodetel_mob != null" >
        #{item.countrycodetel_mob,jdbcType=VARCHAR},
      </if>
      <if test="item.countrycode_loy != null" >
        #{item.countrycode_loy,jdbcType=VARCHAR},
      </if>
      <if test="item.employphone != null" >
        #{item.employphone,jdbcType=VARCHAR},
      </if>
      <if test="item.addresscountry != null" >
        #{item.addresscountry,jdbcType=VARCHAR},
      </if>
      <if test="item.zactladdrcountry != null" >
        #{item.zactladdrcountry,jdbcType=VARCHAR},
      </if>
      <if test="item.employdetails != null" >
        #{item.employdetails,jdbcType=VARCHAR},
      </if>
      <if test="item.employarea != null" >
        #{item.employarea,jdbcType=VARCHAR},
      </if>
      <if test="item.employcity != null" >
        #{item.employcity,jdbcType=VARCHAR},
      </if>
      <if test="item.employprovince != null" >
        #{item.employprovince,jdbcType=VARCHAR},
      </if>
      <if test="item.employcountry != null" >
        #{item.employcountry,jdbcType=VARCHAR},
      </if>
      <if test="item.permanentcountry != null" >
        #{item.permanentcountry,jdbcType=VARCHAR},
      </if>
      <if test="item.permanentprovince != null" >
        #{item.permanentprovince,jdbcType=VARCHAR},
      </if>
      <if test="item.permanentcity != null" >
        #{item.permanentcity,jdbcType=VARCHAR},
      </if>
      <if test="item.permanentarea != null" >
        #{item.permanentarea,jdbcType=VARCHAR},
      </if>
      <if test="item.permanentdetails != null" >
        #{item.permanentdetails,jdbcType=VARCHAR},
      </if>
      <if test="item.previouscountry != null" >
        #{item.previouscountry,jdbcType=VARCHAR},
      </if>
      <if test="item.previousprovince != null" >
        #{item.previousprovince,jdbcType=VARCHAR},
      </if>
      <if test="item.previouscity != null" >
        #{item.previouscity,jdbcType=VARCHAR},
      </if>
      <if test="item.previousarea != null" >
        #{item.previousarea,jdbcType=VARCHAR},
      </if>
      <if test="item.previousdetails != null" >
        #{item.previousdetails,jdbcType=VARCHAR},
      </if>
      <if test="item.posttown != null" >
        #{item.posttown,jdbcType=VARCHAR},
      </if>
      <if test="item.postvillage != null" >
        #{item.postvillage,jdbcType=VARCHAR},
      </if>
      <if test="item.mobilephonecountry != null">
        #{item.mobilephonecountry,jdbcType=VARCHAR},
      </if>
      <if test="item.homephonecountry != null">
      	#{item.homephonecountry,jdbcType=VARCHAR},
      </if>
      <if test="item.employphonecountry != null">
      	#{item.employphonecountry,jdbcType=VARCHAR},
      </if>
      <if test="item.employareacodetel != null">
      	#{item.employareacodetel,jdbcType=VARCHAR},
      </if>
      <if test="item.homedetails != null">
      	#{item.homedetails,jdbcType=VARCHAR},
      </if>
      <if test="item.postdetails != null">
      	#{item.postdetails,jdbcType=VARCHAR},
      </if>
    </trim>
      </foreach>
      ;END;
  </insert>
  
  <delete id="deleteByPrimaryKey" parameterType="com.sinosoft.service.business.db.vo.lcaddressVo" >
    delete from PLCADDRESS
    where TRANSNO = #{transno,jdbcType=VARCHAR}
    and CUSTOMERNO=#{customerno,jdbcType=VARCHAR}
    and ADDRESSNO=#{addressno,jdbcType=DECIMAL}
  </delete>
  
  
    <delete id="deleteOtherByPrimaryKey" parameterType="com.sinosoft.service.business.db.vo.OtherInsuredLcaddressVo" >
    delete from potherinsuredlcaddress
    where TRANSNO = #{transno,jdbcType=VARCHAR}
    and CUSTOMERNO=#{customerno,jdbcType=VARCHAR}
    and ADDRESSNO=#{addressno,jdbcType=DECIMAL}
  </delete>
  <delete id="deleteBytransno" parameterType="String" >
    delete from PLCADDRESS
    where TRANSNO = #{transno,jdbcType=VARCHAR}
    and ADDRESSNO>1
  </delete>
  
  <insert id="insert" parameterType="com.sinosoft.service.business.db.vo.lcaddressVo" >
    insert into PLCADDRESS (TRANSNO, CUSTOMERNO, ADDRESSNO, 
      POSTALADDRESS, ZIPCODE, PHONE, 
      HOMEADDRESS, HOMEZIPCODE, HOMEPHONE, 
      MOBILE, EMAIL, OPERATOR, 
      MAKEDATE, MAKETIME, MODIFYDATE, 
      MODIFYTIME, OTHERADDRESS,POSTALFLAG)
    values (#{transno,jdbcType=VARCHAR}, #{customerno,jdbcType=VARCHAR}, #{addressno,jdbcType=DECIMAL}, 
      #{postaladdress,jdbcType=VARCHAR}, #{zipcode,jdbcType=VARCHAR}, #{phone,jdbcType=VARCHAR}, 
      #{homeaddress,jdbcType=VARCHAR}, #{homezipcode,jdbcType=VARCHAR}, #{homephone,jdbcType=VARCHAR}, 
      #{mobile,jdbcType=VARCHAR}, #{email,jdbcType=VARCHAR}, #{operator,jdbcType=VARCHAR}, 
      #{makedate,jdbcType=VARCHAR}, #{maketime,jdbcType=VARCHAR}, #{modifydate,jdbcType=VARCHAR}, 
      #{modifytime,jdbcType=VARCHAR}, #{otheraddress,jdbcType=VARCHAR}, #{postalflag,jdbcType=VARCHAR})     
  </insert>
  <insert id="insert_anzl" parameterType="com.sinosoft.service.business.db.vo.lcaddressVo" >
    insert into PLCADDRESS (TRANSNO, CUSTOMERNO, ADDRESSNO, 
      POSTALADDRESS, ZIPCODE, PHONE, 
      HOMEADDRESS, HOMEZIPCODE, HOMEPHONE, 
      MOBILE, EMAIL, OPERATOR, 
      MAKEDATE, MAKETIME, MODIFYDATE, 
      MODIFYTIME, OTHERADDRESS,POSTALFLAG,POSTPROVINCE,
      POSTCITY,POSTDISTRICT,HOMEPROVINCE,HOMECITY,HOMEDISTRICT,COUNTRYCODETEL_TEL,
      AREACODETEL,COUNTRYCODETEL_MOB,
      COUNTRYCODE_LOY,EMPLOYPHONE,ADDRESSCOUNTRY,ZACTLADDRCOUNTRY,EMPLOYDETAILS,EMPLOYAREA,EMPLOYCITY,
	  EMPLOYPROVINCE,EMPLOYCOUNTRY,PERMANENTCOUNTRY,PERMANENTPROVINCE,PERMANENTCITY,PERMANENTAREA,PERMANENTDETAILS,
	  PREVIOUSCOUNTRY,PREVIOUSPROVINCE,PREVIOUSCITY,PREVIOUSAREA,PREVIOUSDETAILS,POSTTOWN,POSTVILLAGE,
	  MOBILEPHONECOUNTRY,HOMEPHONECOUNTRY,EMPLOYPHONECOUNTRY,EMPLOYAREACODETEL,HOMEDETAILS,POSTDETAILS
      )
    values (#{transno,jdbcType=VARCHAR}, #{customerno,jdbcType=VARCHAR}, #{addressno,jdbcType=DECIMAL}, 
      #{postaladdress,jdbcType=VARCHAR}, #{zipcode,jdbcType=VARCHAR}, #{phone,jdbcType=VARCHAR}, 
      #{homeaddress,jdbcType=VARCHAR}, #{homezipcode,jdbcType=VARCHAR}, #{homephone,jdbcType=VARCHAR}, 
      #{mobile,jdbcType=VARCHAR}, #{email,jdbcType=VARCHAR}, #{operator,jdbcType=VARCHAR}, 
      #{makedate,jdbcType=VARCHAR}, #{maketime,jdbcType=VARCHAR}, #{modifydate,jdbcType=VARCHAR}, 
      #{modifytime,jdbcType=VARCHAR}, #{otheraddress,jdbcType=VARCHAR}, #{postalflag,jdbcType=VARCHAR}
      ,#{postprovince,jdbcType=VARCHAR},#{postcity,jdbcType=VARCHAR},#{postdistrict,jdbcType=VARCHAR}
      ,#{homeprovince,jdbcType=VARCHAR},#{homecity,jdbcType=VARCHAR},#{homedistrict,jdbcType=VARCHAR},
      #{countrycodetel_tel,jdbcType=VARCHAR},#{areacodetel,jdbcType=VARCHAR},#{countrycodetel_mob,jdbcType=VARCHAR},
      #{countrycode_loy,jdbcType=VARCHAR},#{employphone,jdbcType=VARCHAR},#{addresscountry,jdbcType=VARCHAR},
      #{zactladdrcountry,jdbcType=VARCHAR},#{employdetails,jdbcType=VARCHAR},#{employarea,jdbcType=VARCHAR},
      #{employcity,jdbcType=VARCHAR},#{employprovince,jdbcType=VARCHAR},#{employcountry,jdbcType=VARCHAR},
      #{permanentcountry,jdbcType=VARCHAR},#{permanentprovince,jdbcType=VARCHAR},#{permanentcity,jdbcType=VARCHAR},
      #{permanentarea,jdbcType=VARCHAR},#{permanentdetails,jdbcType=VARCHAR},#{previouscountry,jdbcType=VARCHAR},
      #{previousprovince,jdbcType=VARCHAR},#{previouscity,jdbcType=VARCHAR},#{previousarea,jdbcType=VARCHAR},
      #{previousdetails,jdbcType=VARCHAR},#{posttown,jdbcType=VARCHAR},#{postvillage,jdbcType=VARCHAR},
      #{mobilephonecountry,jdbcType=VARCHAR},#{homephonecountry,jdbcType=VARCHAR},#{employphonecountry,jdbcType=VARCHAR},
      #{employareacodetel,jdbcType=VARCHAR},#{homedetails,jdbcType=VARCHAR},#{postdetails,jdbcType=VARCHAR}  
      )
  </insert>
  
  
  <insert id="insertSelective" parameterType="com.sinosoft.service.business.db.vo.lcaddressVo" >
     insert into PLCADDRESS
    <trim prefix="(" suffix=")" suffixOverrides="," >
      <if test="transno != null" >
        TRANSNO,
      </if>
      <if test="customerno != null" >
        CUSTOMERNO,
      </if>
      <if test="addressno != null" >
        ADDRESSNO,
      </if>
      <if test="postaladdress != null" >
        POSTALADDRESS,
      </if>
      <if test="zipcode != null" >
        ZIPCODE,
      </if>
      <if test="phone != null" >
        PHONE,
      </if>
      <if test="homeaddress != null" >
        HOMEADDRESS,
      </if>
      <if test="homezipcode != null" >
        HOMEZIPCODE,
      </if>
      <if test="homephone != null" >
        HOMEPHONE,
      </if>
      <if test="mobile != null" >
        MOBILE,
      </if>
      <if test="email != null" >
        EMAIL,
      </if>
      <if test="operator != null" >
        OPERATOR,
      </if>
      <if test="makedate != null" >
        MAKEDATE,
      </if>
      <if test="maketime != null" >
        MAKETIME,
      </if>
      <if test="modifydate != null" >
        MODIFYDATE,
      </if>
      <if test="modifytime != null" >
        MODIFYTIME,
      </if>
      <if test="otheraddress != null" >
        OTHERADDRESS,
      </if>
      <if test="postalflag != null" >
        POSTALFLAG,
      </if>
    </trim>
    <trim prefix="values (" suffix=")" suffixOverrides="," >
      <if test="transno != null" >
        #{transno,jdbcType=VARCHAR},
      </if>
      <if test="customerno != null" >
        #{customerno,jdbcType=VARCHAR},
      </if>
      <if test="addressno != null" >
        #{addressno,jdbcType=DECIMAL},
      </if>
      <if test="postaladdress != null" >
        #{postaladdress,jdbcType=VARCHAR},
      </if>
      <if test="zipcode != null" >
        #{zipcode,jdbcType=VARCHAR},
      </if>
      <if test="phone != null" >
        #{phone,jdbcType=VARCHAR},
      </if>
      <if test="homeaddress != null" >
        #{homeaddress,jdbcType=VARCHAR},
      </if>
      <if test="homezipcode != null" >
        #{homezipcode,jdbcType=VARCHAR},
      </if>
      <if test="homephone != null" >
        #{homephone,jdbcType=VARCHAR},
      </if>
      <if test="mobile != null" >
        #{mobile,jdbcType=VARCHAR},
      </if>
      <if test="email != null" >
        #{email,jdbcType=VARCHAR},
      </if>
      <if test="operator != null" >
        #{operator,jdbcType=VARCHAR},
      </if>
      <if test="makedate != null" >
        #{makedate,jdbcType=VARCHAR},
      </if>
      <if test="maketime != null" >
        #{maketime,jdbcType=VARCHAR},
      </if>
      <if test="modifydate != null" >
        #{modifydate,jdbcType=VARCHAR},
      </if>
      <if test="modifytime != null" >
        #{modifytime,jdbcType=VARCHAR},
      </if>
      <if test="otheraddress != null" >
        #{otheraddress,jdbcType=VARCHAR},
      </if>
      <if test="postalflag != null" >
        #{postalflag,jdbcType=VARCHAR},
      </if>
    </trim>
  </insert>
  
  <insert id="insertSelective_anzl" parameterType="com.sinosoft.service.business.db.vo.lcaddressVo" >
     insert into PLCADDRESS
    <trim prefix="(" suffix=")" suffixOverrides="," >
      <if test="transno != null" >
        TRANSNO,
      </if>
      <if test="customerno != null" >
        CUSTOMERNO,
      </if>
      <if test="addressno != null" >
        ADDRESSNO,
      </if>
      <if test="postaladdress != null" >
        POSTALADDRESS,
      </if>
      <if test="zipcode != null" >
        ZIPCODE,
      </if>
      <if test="phone != null" >
        PHONE,
      </if>
      <if test="homeaddress != null" >
        HOMEADDRESS,
      </if>
      <if test="homezipcode != null" >
        HOMEZIPCODE,
      </if>
      <if test="homephone != null" >
        HOMEPHONE,
      </if>
      <if test="mobile != null" >
        MOBILE,
      </if>
      <if test="email != null" >
        EMAIL,
      </if>
      <if test="operator != null" >
        OPERATOR,
      </if>
      <if test="makedate != null" >
        MAKEDATE,
      </if>
      <if test="maketime != null" >
        MAKETIME,
      </if>
      <if test="modifydate != null" >
        MODIFYDATE,
      </if>
      <if test="modifytime != null" >
        MODIFYTIME,
      </if>
      <if test="otheraddress != null" >
        OTHERADDRESS,
      </if>
      <if test="postalflag != null" >
        POSTALFLAG,
      </if>
      <if test="postprovince != null" >
        POSTPROVINCE,
      </if>
      <if test="postcity != null" >
        POSTCITY,
      </if>
      <if test="postdistrict != null" >
        POSTDISTRICT,
      </if>
      <if test="homeprovince != null" >
        HOMEPROVINCE,
      </if>
      <if test="homecity != null" >
        HOMECITY,
      </if>
      <if test="homedistrict != null" >
        HOMEDISTRICT,
      </if>
      <if test="countrycodetel_tel != null" >
        COUNTRYCODETEL_TEL,
      </if>
      <if test="areacodetel != null" >
        AREACODETEL,
      </if>
      <if test="countrycodetel_mob != null" >
        COUNTRYCODETEL_MOB,
      </if>
      <if test="countrycode_loy != null" >
        COUNTRYCODE_LOY,
      </if>
      <if test="employphone != null" >
        EMPLOYPHONE,
      </if>
      <if test="addresscountry != null" >
        ADDRESSCOUNTRY,
      </if>
      <if test="zactladdrcountry != null" >
        ZACTLADDRCOUNTRY,
      </if>
      <if test="employdetails != null" >
        EMPLOYDETAILS,
      </if>
      <if test="employarea != null" >
        EMPLOYAREA,
      </if>
      <if test="employcity != null" >
        EMPLOYCITY,
      </if>
      <if test="employprovince != null" >
        EMPLOYPROVINCE,
      </if>
      <if test="employcountry != null" >
        EMPLOYCOUNTRY,
      </if>
      <if test="permanentcountry != null" >
        PERMANENTCOUNTRY,
      </if>
      <if test="permanentprovince != null" >
        PERMANENTPROVINCE,
      </if>
      <if test="permanentcity != null" >
        PERMANENTCITY,
      </if>
      <if test="permanentarea != null" >
        PERMANENTAREA,
      </if>
      <if test="permanentdetails != null" >
        PERMANENTDETAILS,
      </if>
      <if test="previouscountry != null" >
        PREVIOUSCOUNTRY,
      </if>
      <if test="previousprovince != null" >
        PREVIOUSPROVINCE,
      </if>
      <if test="previouscity != null" >
        PREVIOUSCITY,
      </if>
      <if test="previousarea != null" >
        PREVIOUSAREA,
      </if>
      <if test="previousdetails != null" >
        PREVIOUSDETAILS,
      </if>
      <if test="posttown != null" >
        POSTTOWN,
      </if>
      <if test="postvillage != null" >
        POSTVILLAGE,
      </if>
      <if test="mobilephonecountry != null">
        MOBILEPHONECOUNTRY,
      </if>
      <if test="homephonecountry != null">
        HOMEPHONECOUNTRY,
      </if>
      <if test="employphonecountry != null">
        EMPLOYPHONECOUNTRY,
      </if>
      <if test="employareacodetel != null">
      	EMPLOYAREACODETEL,
      </if>
      <if test="homedetails != null">
      	HOMEDETAILS,
      </if>
      <if test="postdetails != null">
      	POSTDETAILS,
      </if>
    </trim>
    <trim prefix="values (" suffix=")" suffixOverrides="," >
      <if test="transno != null" >
        #{transno,jdbcType=VARCHAR},
      </if>
      <if test="customerno != null" >
        #{customerno,jdbcType=VARCHAR},
      </if>
      <if test="addressno != null" >
        #{addressno,jdbcType=DECIMAL},
      </if>
      <if test="postaladdress != null" >
        #{postaladdress,jdbcType=VARCHAR},
      </if>
      <if test="zipcode != null" >
        #{zipcode,jdbcType=VARCHAR},
      </if>
      <if test="phone != null" >
        #{phone,jdbcType=VARCHAR},
      </if>
      <if test="homeaddress != null" >
        #{homeaddress,jdbcType=VARCHAR},
      </if>
      <if test="homezipcode != null" >
        #{homezipcode,jdbcType=VARCHAR},
      </if>
      <if test="homephone != null" >
        #{homephone,jdbcType=VARCHAR},
      </if>
      <if test="mobile != null" >
        #{mobile,jdbcType=VARCHAR},
      </if>
      <if test="email != null" >
        #{email,jdbcType=VARCHAR},
      </if>
      <if test="operator != null" >
        #{operator,jdbcType=VARCHAR},
      </if>
      <if test="makedate != null" >
        #{makedate,jdbcType=VARCHAR},
      </if>
      <if test="maketime != null" >
        #{maketime,jdbcType=VARCHAR},
      </if>
      <if test="modifydate != null" >
        #{modifydate,jdbcType=VARCHAR},
      </if>
      <if test="modifytime != null" >
        #{modifytime,jdbcType=VARCHAR},
      </if>
      <if test="otheraddress != null" >
        #{otheraddress,jdbcType=VARCHAR},
      </if>
      <if test="postalflag != null" >
        #{postalflag,jdbcType=VARCHAR},
      </if>
      <if test="postprovince != null" >
        #{postprovince,jdbcType=VARCHAR},
      </if>
       <if test="postcity != null" >
        #{postcity,jdbcType=VARCHAR},
      </if>
       <if test="postdistrict != null" >
        #{postdistrict,jdbcType=VARCHAR},
      </if>
       <if test="homeprovince != null" >
        #{homeprovince,jdbcType=VARCHAR},
      </if>
       <if test="homecity != null" >
        #{homecity,jdbcType=VARCHAR},
      </if>
       <if test="homedistrict != null" >
        #{homedistrict,jdbcType=VARCHAR},
      </if>
      <if test="countrycodetel_tel != null" >
        #{countrycodetel_tel,jdbcType=VARCHAR},
      </if>
      <if test="areacodetel != null" >
        #{areacodetel,jdbcType=VARCHAR},
      </if>
      <if test="countrycodetel_mob != null" >
        #{countrycodetel_mob,jdbcType=VARCHAR},
      </if>
      <if test="countrycode_loy != null" >
        #{countrycode_loy,jdbcType=VARCHAR},
      </if>
      <if test="employphone != null" >
        #{employphone,jdbcType=VARCHAR},
      </if>
      <if test="addresscountry != null" >
        #{addresscountry,jdbcType=VARCHAR},
      </if>
      <if test="zactladdrcountry != null" >
        #{zactladdrcountry,jdbcType=VARCHAR},
      </if>
      <if test="employdetails != null" >
        #{employdetails,jdbcType=VARCHAR},
      </if>
      <if test="employarea != null" >
        #{employarea,jdbcType=VARCHAR},
      </if>
      <if test="employcity != null" >
        #{employcity,jdbcType=VARCHAR},
      </if>
      <if test="employprovince != null" >
        #{employprovince,jdbcType=VARCHAR},
      </if>
      <if test="employcountry != null" >
        #{employcountry,jdbcType=VARCHAR},
      </if>
      <if test="permanentcountry != null" >
        #{permanentcountry,jdbcType=VARCHAR},
      </if>
      <if test="permanentprovince != null" >
        #{permanentprovince,jdbcType=VARCHAR},
      </if>
      <if test="permanentcity != null" >
        #{permanentcity,jdbcType=VARCHAR},
      </if>
      <if test="permanentarea != null" >
        #{permanentarea,jdbcType=VARCHAR},
      </if>
      <if test="permanentdetails != null" >
        #{permanentdetails,jdbcType=VARCHAR},
      </if>
      <if test="previouscountry != null" >
        #{previouscountry,jdbcType=VARCHAR},
      </if>
      <if test="previousprovince != null" >
        #{previousprovince,jdbcType=VARCHAR},
      </if>
      <if test="previouscity != null" >
        #{previouscity,jdbcType=VARCHAR},
      </if>
      <if test="previousarea != null" >
        #{previousarea,jdbcType=VARCHAR},
      </if>
      <if test="previousdetails != null" >
        #{previousdetails,jdbcType=VARCHAR},
      </if>
      <if test="posttown != null" >
        #{posttown,jdbcType=VARCHAR},
      </if>
      <if test="postvillage != null" >
        #{postvillage,jdbcType=VARCHAR},
      </if>
      <if test="mobilephonecountry != null">
        #{mobilephonecountry,jdbcType=VARCHAR},
      </if>
      <if test="homephonecountry != null">
      	#{homephonecountry,jdbcType=VARCHAR},
      </if>
      <if test="employphonecountry != null">
      	#{employphonecountry,jdbcType=VARCHAR},
      </if>
      <if test="employareacodetel != null">
      	#{employareacodetel,jdbcType=VARCHAR},
      </if>
      <if test="homedetails != null">
      	#{homedetails,jdbcType=VARCHAR},
      </if>
      <if test="postdetails != null">
      	#{postdetails,jdbcType=VARCHAR},
      </if>
    </trim>
   </insert>
  
  
  
  
  
  <insert id="insertOtherSelective_anzl" parameterType="com.sinosoft.service.business.db.vo.OtherInsuredLcaddressVo" >
     insert into potherinsuredlcaddress
    <trim prefix="(" suffix=")" suffixOverrides="," >
      <if test="transno != null" >
        TRANSNO,
      </if>
      <if test="customerno != null" >
        CUSTOMERNO,
      </if>
      <if test="addressno != null" >
        ADDRESSNO,
      </if>
      <if test="postaladdress != null" >
        POSTALADDRESS,
      </if>
      <if test="zipcode != null" >
        ZIPCODE,
      </if>
      <if test="phone != null" >
        PHONE,
      </if>
      <if test="homeaddress != null" >
        HOMEADDRESS,
      </if>
      <if test="homezipcode != null" >
        HOMEZIPCODE,
      </if>
      <if test="homephone != null" >
        HOMEPHONE,
      </if>
      <if test="mobile != null" >
        MOBILE,
      </if>
      <if test="email != null" >
        EMAIL,
      </if>
      <if test="operator != null" >
        OPERATOR,
      </if>
      <if test="makedate != null" >
        MAKEDATE,
      </if>
      <if test="maketime != null" >
        MAKETIME,
      </if>
      <if test="modifydate != null" >
        MODIFYDATE,
      </if>
      <if test="modifytime != null" >
        MODIFYTIME,
      </if>
      <if test="otheraddress != null" >
        OTHERADDRESS,
      </if>
      <if test="postalflag != null" >
        POSTALFLAG,
      </if>
      <if test="postprovince != null" >
        POSTPROVINCE,
      </if>
      <if test="postcity != null" >
        POSTCITY,
      </if>
      <if test="postdistrict != null" >
        POSTDISTRICT,
      </if>
      <if test="homeprovince != null" >
        HOMEPROVINCE,
      </if>
      <if test="homecity != null" >
        HOMECITY,
      </if>
      <if test="homedistrict != null" >
        HOMEDISTRICT,
      </if>
      <if test="countrycodetel_tel != null" >
        COUNTRYCODETEL_TEL,
      </if>
      <if test="areacodetel != null" >
        AREACODETEL,
      </if>
      <if test="countrycodetel_mob != null" >
        COUNTRYCODETEL_MOB,
      </if>
      <if test="countrycode_loy != null" >
        COUNTRYCODE_LOY,
      </if>
      <if test="employphone != null" >
        EMPLOYPHONE,
      </if>
      <if test="addresscountry != null" >
        ADDRESSCOUNTRY,
      </if>
      <if test="zactladdrcountry != null" >
        ZACTLADDRCOUNTRY,
      </if>
      <if test="employdetails != null" >
        EMPLOYDETAILS,
      </if>
      <if test="employarea != null" >
        EMPLOYAREA,
      </if>
      <if test="employcity != null" >
        EMPLOYCITY,
      </if>
      <if test="employprovince != null" >
        EMPLOYPROVINCE,
      </if>
      <if test="employcountry != null" >
        EMPLOYCOUNTRY,
      </if>
      <if test="permanentcountry != null" >
        PERMANENTCOUNTRY,
      </if>
      <if test="permanentprovince != null" >
        PERMANENTPROVINCE,
      </if>
      <if test="permanentcity != null" >
        PERMANENTCITY,
      </if>
      <if test="permanentarea != null" >
        PERMANENTAREA,
      </if>
      <if test="permanentdetails != null" >
        PERMANENTDETAILS,
      </if>
      <if test="previouscountry != null" >
        PREVIOUSCOUNTRY,
      </if>
      <if test="previousprovince != null" >
        PREVIOUSPROVINCE,
      </if>
      <if test="previouscity != null" >
        PREVIOUSCITY,
      </if>
      <if test="previousarea != null" >
        PREVIOUSAREA,
      </if>
      <if test="previousdetails != null" >
        PREVIOUSDETAILS,
      </if>
      <if test="posttown != null" >
        POSTTOWN,
      </if>
      <if test="postvillage != null" >
        POSTVILLAGE,
      </if>
      <if test="mobilephonecountry != null">
        MOBILEPHONECOUNTRY,
      </if>
      <if test="homephonecountry != null">
        HOMEPHONECOUNTRY,
      </if>
      <if test="employphonecountry != null">
        EMPLOYPHONECOUNTRY,
      </if>
      <if test="employareacodetel != null">
      	EMPLOYAREACODETEL,
      </if>
      <if test="homedetails != null">
      	HOMEDETAILS,
      </if>
      <if test="postdetails != null">
      	POSTDETAILS,
      </if>
    </trim>
    <trim prefix="values (" suffix=")" suffixOverrides="," >
      <if test="transno != null" >
        #{transno,jdbcType=VARCHAR},
      </if>
      <if test="customerno != null" >
        #{customerno,jdbcType=VARCHAR},
      </if>
      <if test="addressno != null" >
        #{addressno,jdbcType=DECIMAL},
      </if>
      <if test="postaladdress != null" >
        #{postaladdress,jdbcType=VARCHAR},
      </if>
      <if test="zipcode != null" >
        #{zipcode,jdbcType=VARCHAR},
      </if>
      <if test="phone != null" >
        #{phone,jdbcType=VARCHAR},
      </if>
      <if test="homeaddress != null" >
        #{homeaddress,jdbcType=VARCHAR},
      </if>
      <if test="homezipcode != null" >
        #{homezipcode,jdbcType=VARCHAR},
      </if>
      <if test="homephone != null" >
        #{homephone,jdbcType=VARCHAR},
      </if>
      <if test="mobile != null" >
        #{mobile,jdbcType=VARCHAR},
      </if>
      <if test="email != null" >
        #{email,jdbcType=VARCHAR},
      </if>
      <if test="operator != null" >
        #{operator,jdbcType=VARCHAR},
      </if>
      <if test="makedate != null" >
        #{makedate,jdbcType=VARCHAR},
      </if>
      <if test="maketime != null" >
        #{maketime,jdbcType=VARCHAR},
      </if>
      <if test="modifydate != null" >
        #{modifydate,jdbcType=VARCHAR},
      </if>
      <if test="modifytime != null" >
        #{modifytime,jdbcType=VARCHAR},
      </if>
      <if test="otheraddress != null" >
        #{otheraddress,jdbcType=VARCHAR},
      </if>
      <if test="postalflag != null" >
        #{postalflag,jdbcType=VARCHAR},
      </if>
      <if test="postprovince != null" >
        #{postprovince,jdbcType=VARCHAR},
      </if>
       <if test="postcity != null" >
        #{postcity,jdbcType=VARCHAR},
      </if>
       <if test="postdistrict != null" >
        #{postdistrict,jdbcType=VARCHAR},
      </if>
       <if test="homeprovince != null" >
        #{homeprovince,jdbcType=VARCHAR},
      </if>
       <if test="homecity != null" >
        #{homecity,jdbcType=VARCHAR},
      </if>
       <if test="homedistrict != null" >
        #{homedistrict,jdbcType=VARCHAR},
      </if>
      <if test="countrycodetel_tel != null" >
        #{countrycodetel_tel,jdbcType=VARCHAR},
      </if>
      <if test="areacodetel != null" >
        #{areacodetel,jdbcType=VARCHAR},
      </if>
      <if test="countrycodetel_mob != null" >
        #{countrycodetel_mob,jdbcType=VARCHAR},
      </if>
      <if test="countrycode_loy != null" >
        #{countrycode_loy,jdbcType=VARCHAR},
      </if>
      <if test="employphone != null" >
        #{employphone,jdbcType=VARCHAR},
      </if>
      <if test="addresscountry != null" >
        #{addresscountry,jdbcType=VARCHAR},
      </if>
      <if test="zactladdrcountry != null" >
        #{zactladdrcountry,jdbcType=VARCHAR},
      </if>
      <if test="employdetails != null" >
        #{employdetails,jdbcType=VARCHAR},
      </if>
      <if test="employarea != null" >
        #{employarea,jdbcType=VARCHAR},
      </if>
      <if test="employcity != null" >
        #{employcity,jdbcType=VARCHAR},
      </if>
      <if test="employprovince != null" >
        #{employprovince,jdbcType=VARCHAR},
      </if>
      <if test="employcountry != null" >
        #{employcountry,jdbcType=VARCHAR},
      </if>
      <if test="permanentcountry != null" >
        #{permanentcountry,jdbcType=VARCHAR},
      </if>
      <if test="permanentprovince != null" >
        #{permanentprovince,jdbcType=VARCHAR},
      </if>
      <if test="permanentcity != null" >
        #{permanentcity,jdbcType=VARCHAR},
      </if>
      <if test="permanentarea != null" >
        #{permanentarea,jdbcType=VARCHAR},
      </if>
      <if test="permanentdetails != null" >
        #{permanentdetails,jdbcType=VARCHAR},
      </if>
      <if test="previouscountry != null" >
        #{previouscountry,jdbcType=VARCHAR},
      </if>
      <if test="previousprovince != null" >
        #{previousprovince,jdbcType=VARCHAR},
      </if>
      <if test="previouscity != null" >
        #{previouscity,jdbcType=VARCHAR},
      </if>
      <if test="previousarea != null" >
        #{previousarea,jdbcType=VARCHAR},
      </if>
      <if test="previousdetails != null" >
        #{previousdetails,jdbcType=VARCHAR},
      </if>
      <if test="posttown != null" >
        #{posttown,jdbcType=VARCHAR},
      </if>
      <if test="postvillage != null" >
        #{postvillage,jdbcType=VARCHAR},
      </if>
      <if test="mobilephonecountry != null">
        #{mobilephonecountry,jdbcType=VARCHAR},
      </if>
      <if test="homephonecountry != null">
      	#{homephonecountry,jdbcType=VARCHAR},
      </if>
      <if test="employphonecountry != null">
      	#{employphonecountry,jdbcType=VARCHAR},
      </if>
      <if test="employareacodetel != null">
      	#{employareacodetel,jdbcType=VARCHAR},
      </if>
      <if test="homedetails != null">
      	#{homedetails,jdbcType=VARCHAR},
      </if>
      <if test="postdetails != null">
      	#{postdetails,jdbcType=VARCHAR},
      </if>
    </trim>
   </insert>
  <update id="updateByPrimaryKeySelective" parameterType="com.sinosoft.service.business.db.vo.lcaddressVo" >
    update PLCADDRESS
    <set >
      <if test="postaladdress != null" >
        POSTALADDRESS = #{postaladdress,jdbcType=VARCHAR},
      </if>
      <if test="zipcode != null" >
        ZIPCODE = #{zipcode,jdbcType=VARCHAR},
      </if>
      <if test="phone != null" >
        PHONE = #{phone,jdbcType=VARCHAR},
      </if>
      <if test="homeaddress != null" >
        HOMEADDRESS = #{homeaddress,jdbcType=VARCHAR},
      </if>
      <if test="homezipcode != null" >
        HOMEZIPCODE = #{homezipcode,jdbcType=VARCHAR},
      </if>
      <if test="homephone != null" >
        HOMEPHONE = #{homephone,jdbcType=VARCHAR},
      </if>
      <if test="mobile != null" >
        MOBILE = #{mobile,jdbcType=VARCHAR},
      </if>
      <if test="email != null" >
        EMAIL = #{email,jdbcType=VARCHAR},
      </if>
      <if test="operator != null" >
        OPERATOR = #{operator,jdbcType=VARCHAR},
      </if>
      <if test="makedate != null" >
        MAKEDATE = #{makedate,jdbcType=VARCHAR},
      </if>
      <if test="maketime != null" >
        MAKETIME = #{maketime,jdbcType=VARCHAR},
      </if>
      <if test="modifydate != null" >
        MODIFYDATE = #{modifydate,jdbcType=VARCHAR},
      </if>
      <if test="modifytime != null" >
        MODIFYTIME = #{modifytime,jdbcType=VARCHAR},
      </if>
      <if test="otheraddress != null" >
        OTHERADDRESS = #{otheraddress,jdbcType=VARCHAR},
      </if>
      <if test="postalflag != null" >
        POSTALFLAG = #{postalflag,jdbcType=VARCHAR},
      </if>
    </set>
    where TRANSNO = #{transno,jdbcType=VARCHAR}
      and CUSTOMERNO = #{customerno,jdbcType=VARCHAR}
      and ADDRESSNO = #{addressno,jdbcType=DECIMAL}
  </update>
  
  <update id="updateByPrimaryKeySelective_anzl" parameterType="com.sinosoft.service.business.db.vo.lcaddressVo" >
    update PLCADDRESS
    <set >
      <if test="postaladdress != null" >
        POSTALADDRESS = #{postaladdress,jdbcType=VARCHAR},
      </if>
      <if test="zipcode != null" >
        ZIPCODE = #{zipcode,jdbcType=VARCHAR},
      </if>
      <if test="phone != null" >
        PHONE = #{phone,jdbcType=VARCHAR},
      </if>
      <if test="homeaddress != null" >
        HOMEADDRESS = #{homeaddress,jdbcType=VARCHAR},
      </if>
      <if test="homezipcode != null" >
        HOMEZIPCODE = #{homezipcode,jdbcType=VARCHAR},
      </if>
      <if test="homephone != null" >
        HOMEPHONE = #{homephone,jdbcType=VARCHAR},
      </if>
      <if test="mobile != null" >
        MOBILE = #{mobile,jdbcType=VARCHAR},
      </if>
      <if test="email != null" >
        EMAIL = #{email,jdbcType=VARCHAR},
      </if>
      <if test="operator != null" >
        OPERATOR = #{operator,jdbcType=VARCHAR},
      </if>
      <if test="makedate != null" >
        MAKEDATE = #{makedate,jdbcType=VARCHAR},
      </if>
      <if test="maketime != null" >
        MAKETIME = #{maketime,jdbcType=VARCHAR},
      </if>
      <if test="modifydate != null" >
        MODIFYDATE = #{modifydate,jdbcType=VARCHAR},
      </if>
      <if test="modifytime != null" >
        MODIFYTIME = #{modifytime,jdbcType=VARCHAR},
      </if>
      <if test="otheraddress != null" >
        OTHERADDRESS = #{otheraddress,jdbcType=VARCHAR},
      </if>
      <if test="postalflag != null" >
        POSTALFLAG = #{postalflag,jdbcType=VARCHAR},
      </if>
       <if test="postprovince != null" >
        POSTPROVINCE = #{postprovince,jdbcType=VARCHAR},
      </if>
       <if test="postcity != null" >
        POSTCITY = #{postcity,jdbcType=VARCHAR},
      </if>
       <if test="postdistrict != null" >
        POSTDISTRICT = #{postdistrict,jdbcType=VARCHAR},
      </if>
       <if test="homeprovince != null" >
        HOMEPROVINCE = #{homeprovince,jdbcType=VARCHAR},
      </if>
       <if test="homecity != null" >
        HOMECITY = #{homecity,jdbcType=VARCHAR},
      </if>
       <if test="homedistrict != null" >
        HOMEDISTRICT = #{homedistrict,jdbcType=VARCHAR},
      </if>
      <if test="countrycodetel_tel != null" >
        COUNTRYCODETEL_TEL = #{countrycodetel_tel,jdbcType=VARCHAR},
      </if>
      <if test="areacodetel != null" >
        AREACODETEL = #{areacodetel,jdbcType=VARCHAR},
      </if>
      <if test="countrycodetel_mob != null" >
        COUNTRYCODETEL_MOB = #{countrycodetel_mob,jdbcType=VARCHAR},
      </if>
      <if test="countrycode_loy != null" >
        COUNTRYCODE_LOY = #{countrycode_loy,jdbcType=VARCHAR},
      </if>
      <if test="employphone != null" >
        EMPLOYPHONE = #{employphone,jdbcType=VARCHAR},
      </if>
      <if test="addresscountry != null" >
        ADDRESSCOUNTRY = #{addresscountry,jdbcType=VARCHAR},
      </if>
      <if test="zactladdrcountry != null" >
        ZACTLADDRCOUNTRY = #{zactladdrcountry,jdbcType=VARCHAR},
      </if>
      <if test="employdetails != null" >
        EMPLOYDETAILS = #{employdetails,jdbcType=VARCHAR},
      </if>
      <if test="employarea != null" >
        EMPLOYAREA = #{employarea,jdbcType=VARCHAR},
      </if>
      <if test="employcity != null" >
        EMPLOYCITY = #{employcity,jdbcType=VARCHAR},
      </if>
      <if test="employprovince != null" >
        EMPLOYPROVINCE = #{employprovince,jdbcType=VARCHAR},
      </if>
      <if test="employcountry != null" >
        EMPLOYCOUNTRY = #{employcountry,jdbcType=VARCHAR},
      </if>
      <if test="permanentcountry != null" >
        PERMANENTCOUNTRY = #{permanentcountry,jdbcType=VARCHAR},
      </if>
      <if test="permanentprovince != null" >
        PERMANENTPROVINCE = #{permanentprovince,jdbcType=VARCHAR},
      </if>
      <if test="permanentcity != null" >
        PERMANENTCITY = #{permanentcity,jdbcType=VARCHAR},
      </if>
      <if test="permanentarea != null" >
        PERMANENTAREA = #{permanentarea,jdbcType=VARCHAR},
      </if>
      <if test="permanentdetails != null" >
        PERMANENTDETAILS = #{permanentdetails,jdbcType=VARCHAR},
      </if>
      <if test="previouscountry != null" >
        PREVIOUSCOUNTRY = #{previouscountry,jdbcType=VARCHAR},
      </if>
      <if test="previousprovince != null" >
        PREVIOUSPROVINCE = #{previousprovince,jdbcType=VARCHAR},
      </if>
      <if test="previouscity != null" >
        PREVIOUSCITY = #{previouscity,jdbcType=VARCHAR},
      </if>
      <if test="previousarea != null" >
        PREVIOUSAREA = #{previousarea,jdbcType=VARCHAR},
      </if>
      <if test="previousdetails != null" >
        PREVIOUSDETAILS = #{previousdetails,jdbcType=VARCHAR},
      </if>
      <if test="posttown != null" >
        POSTTOWN = #{posttown,jdbcType=VARCHAR},
      </if>
      <if test="postvillage != null" >
        POSTVILLAGE = #{postvillage,jdbcType=VARCHAR},
      </if>
      <if test="mobilephonecountry != null">
        MOBILEPHONECOUNTRY = #{mobilephonecountry,jdbcType=VARCHAR},
      </if>
      <if test="homephonecountry != null">
      	HOMEPHONECOUNTRY = #{homephonecountry,jdbcType=VARCHAR},
      </if>
      <if test="employphonecountry != null">
      	EMPLOYPHONECOUNTRY = #{employphonecountry,jdbcType=VARCHAR},
      </if>
      <if test="employareacodetel != null">
      	EMPLOYAREACODETEL = #{employareacodetel,jdbcType=VARCHAR},
      </if>
      <if test="homedetails != null">
      	HOMEDETAILS = #{homedetails,jdbcType=VARCHAR},
      </if>
      <if test="postdetails != null">
      	POSTDETAILS = #{postdetails,jdbcType=VARCHAR}
      </if>
    </set>
    where TRANSNO = #{transno,jdbcType=VARCHAR}
      and CUSTOMERNO = #{customerno,jdbcType=VARCHAR}
      and ADDRESSNO = #{addressno,jdbcType=DECIMAL}
  </update>
  
  
  <update id="updateByPrimaryKey" parameterType="com.sinosoft.service.business.db.vo.lcaddressVo" >
    update PLCADDRESS
    set POSTALADDRESS = #{postaladdress,jdbcType=VARCHAR},
      ZIPCODE = #{zipcode,jdbcType=VARCHAR},
      PHONE = #{phone,jdbcType=VARCHAR},
      HOMEADDRESS = #{homeaddress,jdbcType=VARCHAR},
      HOMEZIPCODE = #{homezipcode,jdbcType=VARCHAR},
      HOMEPHONE = #{homephone,jdbcType=VARCHAR},
      MOBILE = #{mobile,jdbcType=VARCHAR},
      EMAIL = #{email,jdbcType=VARCHAR},
      OPERATOR = #{operator,jdbcType=VARCHAR},
      MAKEDATE = #{makedate,jdbcType=VARCHAR},
      MAKETIME = #{maketime,jdbcType=VARCHAR},
      MODIFYDATE = #{modifydate,jdbcType=VARCHAR},
      MODIFYTIME = #{modifytime,jdbcType=VARCHAR},
      OTHERADDRESS = #{otheraddress,jdbcType=VARCHAR},
      POSTALFLAG = #{postalflag,jdbcType=VARCHAR}
    where TRANSNO = #{transno,jdbcType=VARCHAR}
      and CUSTOMERNO = #{customerno,jdbcType=VARCHAR}
      and ADDRESSNO = #{addressno,jdbcType=DECIMAL}
  </update>
  
  <update id="updateByPrimaryKey_anzl" parameterType="com.sinosoft.service.business.db.vo.lcaddressVo" >
    update PLCADDRESS
    set POSTALADDRESS = #{postaladdress,jdbcType=VARCHAR},
      ZIPCODE = #{zipcode,jdbcType=VARCHAR},
      PHONE = #{phone,jdbcType=VARCHAR},
      HOMEADDRESS = #{homeaddress,jdbcType=VARCHAR},
      HOMEZIPCODE = #{homezipcode,jdbcType=VARCHAR},
      HOMEPHONE = #{homephone,jdbcType=VARCHAR},
      MOBILE = #{mobile,jdbcType=VARCHAR},
      EMAIL = #{email,jdbcType=VARCHAR},
      OPERATOR = #{operator,jdbcType=VARCHAR},
      MAKEDATE = #{makedate,jdbcType=VARCHAR},
      MAKETIME = #{maketime,jdbcType=VARCHAR},
      MODIFYDATE = #{modifydate,jdbcType=VARCHAR},
      MODIFYTIME = #{modifytime,jdbcType=VARCHAR},
      OTHERADDRESS = #{otheraddress,jdbcType=VARCHAR},
      POSTALFLAG = #{postalflag,jdbcType=VARCHAR},
      POSTPROVINCE = #{postprovince,jdbcType=VARCHAR},
      POSTCITY = #{postcity,jdbcType=VARCHAR},
      POSTDISTRICT = #{postdistrict,jdbcType=VARCHAR},
      HOMEPROVINCE = #{homeprovince,jdbcType=VARCHAR},
      HOMECITY = #{homecity,jdbcType=VARCHAR},
      HOMEDISTRICT = #{homedistrict,jdbcType=VARCHAR},
      COUNTRYCODETEL_TEL = #{countrycodetel_tel,jdbcType=VARCHAR},
      AREACODETEL = #{areacodetel,jdbcType=VARCHAR},
      COUNTRYCODETEL_MOB = #{countrycodetel_mob,jdbcType=VARCHAR},
      COUNTRYCODE_LOY = #{countrycode_loy,jdbcType=VARCHAR},
	  EMPLOYPHONE = #{employphone,jdbcType=VARCHAR},
	  ADDRESSCOUNTRY = #{addresscountry,jdbcType=VARCHAR},
	  ZACTLADDRCOUNTRY = #{zactladdrcountry,jdbcType=VARCHAR},
	  EMPLOYDETAILS = #{employdetails,jdbcType=VARCHAR},
	  EMPLOYAREA = #{employarea,jdbcType=VARCHAR},
	  EMPLOYCITY = #{employcity,jdbcType=VARCHAR},
	  EMPLOYPROVINCE = #{employprovince,jdbcType=VARCHAR},
	  EMPLOYCOUNTRY = #{employcountry,jdbcType=VARCHAR},
	  PERMANENTCOUNTRY = #{permanentcountry,jdbcType=VARCHAR},
	  PERMANENTPROVINCE = #{permanentprovince,jdbcType=VARCHAR},
	  PERMANENTCITY = #{permanentcity,jdbcType=VARCHAR},
	  PERMANENTAREA = #{permanentarea,jdbcType=VARCHAR},
	  PERMANENTDETAILS = #{permanentdetails,jdbcType=VARCHAR},
	  PREVIOUSCOUNTRY = #{previouscountry,jdbcType=VARCHAR},
	  PREVIOUSPROVINCE = #{previousprovince,jdbcType=VARCHAR},
	  PREVIOUSCITY = #{previouscity,jdbcType=VARCHAR},
	  PREVIOUSAREA = #{previousarea,jdbcType=VARCHAR},
	  PREVIOUSDETAILS = #{previousdetails,jdbcType=VARCHAR},
	  POSTTOWN = #{posttown,jdbcType=VARCHAR},
	  POSTVILLAGE = #{postvillage,jdbcType=VARCHAR},
      MOBILEPHONECOUNTRY = #{mobilephonecountry,jdbcType=VARCHAR},
      HOMEPHONECOUNTRY = #{homephonecountry,jdbcType=VARCHAR},
      EMPLOYPHONECOUNTRY = #{employphonecountry,jdbcType=VARCHAR},
      EMPLOYAREACODETEL = #{employareacodetel,jdbcType=VARCHAR},
      HOMEDETAILS = #{homedetails,jdbcType=VARCHAR},
      POSTDETAILS = #{postdetails,jdbcType=VARCHAR}
      
      where TRANSNO = #{transno,jdbcType=VARCHAR}
      and CUSTOMERNO = #{customerno,jdbcType=VARCHAR}
      and ADDRESSNO = #{addressno,jdbcType=DECIMAL}
  </update>
  
  <delete id="deleteAllByTransno" parameterType="String" >
    delete from PLCADDRESS where TRANSNO = #{transno,jdbcType=VARCHAR}
  </delete>
</mapper>