<?xml version="1.0" encoding="UTF-8"?> 
<!DOCTYPE mapper PUBLIC "-//mybatis.org//DTD Mapper 3.0//EN" "http://mybatis.org/dtd/mybatis-3-mapper.dtd">
<mapper namespace="com.sinosoft.service.business.db.dao.PPaymentBranchMapper">
  <resultMap id="BaseResultMap" type="com.sinosoft.service.business.db.vo.PaymentBranch">
    <id column="TRANSNO" jdbcType="VARCHAR" property="transno" />
    <id column="ACCOUNTHOLDER" jdbcType="VARCHAR" property="accountholder" />
    <result column="ACCBANKNAME" jdbcType="VARCHAR" property="accbankname" />
    <result column="BANKACCNO" jdbcType="VARCHAR" property="bankaccno" />
    <result column="BRANCH" jdbcType="VARCHAR" property="branch" />
    <result column="AREAPROVINCE" jdbcType="VARCHAR" property="areaprovince" />
    <result column="AREACITY" jdbcType="VARCHAR" property="areacity" />
    <result column="BANK" jdbcType="VARCHAR" property="bank" />
    <result column="SUBBRANCH" jdbcType="VARCHAR" property="subbranch" />
  </resultMap>
  <sql id="Base_Column_List"> 
    TRANSNO, ACCOUNTHOLDER, ACCBANKNAME, BANKACCNO, BRANCH, AREAPROVINCE, AREACITY,BANK,SUBBRANCH
  </sql>
  <select id="selectByPrimaryKey" parameterType="com.sinosoft.service.business.db.vo.PaymentBranchKey" resultMap="BaseResultMap">
    select 
    <include refid="Base_Column_List" />
    from pPAYMENTBRANCH
    where TRANSNO = #{transno,jdbcType=VARCHAR}
      and ACCOUNTHOLDER = #{accountholder,jdbcType=VARCHAR}
  </select>
  <!-- 查询第二被保人年金信息表数据 -->
    <select id="selectInsuredAnnuityAccount" parameterType="com.sinosoft.service.business.db.vo.InsuredAnnuityAccountVo" resultType="com.sinosoft.service.business.db.vo.InsuredAnnuityAccountVo">
    select  *
    from pInsuredAnnuityAccount
    where TRANSNO = #{transno,jdbcType=VARCHAR}
      and insurednum = #{insurednum,jdbcType=VARCHAR}
  </select>
   <!-- 根据条件删除第二被保人年金信息表数据 -->
  <delete id="deleteInsuredAnnuityAccount" parameterType="com.sinosoft.service.business.db.vo.InsuredAnnuityAccountVo">
    delete from pInsuredAnnuityAccount
    where TRANSNO = #{transno,jdbcType=VARCHAR}
      and insurednum = #{insurednum,jdbcType=VARCHAR}
  </delete>
  <delete id="deleteByPrimaryKey" parameterType="com.sinosoft.service.business.db.vo.PaymentBranchKey">
    delete from pPAYMENTBRANCH
    where TRANSNO = #{transno,jdbcType=VARCHAR}
      and ACCOUNTHOLDER = #{accountholder,jdbcType=VARCHAR}
  </delete>
  
  
  
  <insert id="insertInsuredAnnuityAccount" parameterType="com.sinosoft.service.business.db.vo.InsuredAnnuityAccountVo">
    insert into pInsuredAnnuityAccount
    <trim prefix="(" suffix=")" suffixOverrides=",">
      <if test="transno != null">
        TRANSNO,
      </if>
      <if test="insurednum != null">
        insurednum,
      </if>
      <if test="bank != null">
        bank,
      </if>
      <if test="subbranch != null">
        subbranch,
      </if>
      <if test="getyear != null">
        getyear,
      </if>
      <if test="extragetyear != null">
        extragetyear,
      </if>
      <if test="bankaccno != null">
        bankaccno,
      </if>
      <if test="accountholder != null">
      	accountholder,
      </if>
      <if test="branch != null">
      	branch,
      </if>      
      <if test="accountareaprovince != null">
        accountareaprovince,
      </if>
      <if test="accountareacity != null">
        accountareacity,
      </if>
      <if test="inshAnnuityGetYearFlag != null">
        inshAnnuityGetYearFlag,
      </if>
      <if test="annuityca != null">
        annuityca,
      </if>
      <if test="getyearflag != null">
        getyearflag,
      </if>
      <if test="survivalInsurancePeriod != null">
        survivalInsurancePeriod,
      </if>
      <if test="bonusgetage != null">
        bonusgetage,
      </if>
      <if test="annuitystartyear != null">
      	annuitystartyear,
      </if>
      <if test="annuitystartyearflag != null">
      	annuitystartyearflag,
      </if>
      <!-- 新加字段 -->
      <if test="accountHolderinsh != null">
        accountHolderinsh,
      </if>
      <if test="anotherHolderIdNo != null">
        anotherHolderIdNo,
      </if>
      <if test="anotherHolderIdType != null">
      	anotherHolderIdType,
      </if>
      <if test="anotherHolderName != null">
      	anotherHolderName,
      </if>
      <if test="anotherHolderFlag2 != null">
      	anotherHolderFlag2, 
      </if>
    </trim>
    <trim prefix="values (" suffix=")" suffixOverrides=",">
       <if test="transno != null">
        #{transno,jdbcType=VARCHAR},
      </if>
      <if test="insurednum != null">
        #{insurednum,jdbcType=VARCHAR},
      </if>
      <if test="bank != null">
        #{bank,jdbcType=VARCHAR},
      </if>
      <if test="subbranch != null">
        #{subbranch,jdbcType=VARCHAR},
      </if>
      <if test="getyear != null">
        #{getyear,jdbcType=VARCHAR},
      </if>
      <if test="extragetyear != null">
        #{extragetyear,jdbcType=VARCHAR},
      </if>
      <if test="bankaccno != null">
        #{bankaccno,jdbcType=VARCHAR},
      </if>
      <if test="accountholder != null">
      	#{accountholder,jdbcType=VARCHAR},
      </if>
      <if test="branch != null">
      	#{branch,jdbcType=VARCHAR},
      </if>      
      <if test="accountareaprovince != null">
        #{accountareaprovince,jdbcType=VARCHAR},
      </if>
      <if test="accountareacity != null">
        #{accountareacity,jdbcType=VARCHAR},
      </if>
      <if test="inshAnnuityGetYearFlag != null">
        #{inshAnnuityGetYearFlag,jdbcType=VARCHAR},
      </if>
      <if test="annuityca != null">
        #{annuityca,jdbcType=VARCHAR},
      </if>
      <if test="getyearflag != null">
        #{getyearflag,jdbcType=VARCHAR},
      </if>
      <if test="survivalInsurancePeriod != null">
        #{survivalInsurancePeriod,jdbcType=VARCHAR},
      </if>
      <if test="bonusgetage != null">
        #{bonusgetage,jdbcType=VARCHAR},
      </if>
      <if test="annuitystartyear != null">
      	#{annuitystartyear,jdbcType=VARCHAR},
      </if>
      <if test="annuitystartyearflag != null">
      	#{annuitystartyearflag,jdbcType=VARCHAR},
      </if>
      <!-- 新加字段 -->
      <if test="accountHolderinsh != null">
        #{accountHolderinsh,jdbcType=VARCHAR},
      </if>
      <if test="anotherHolderIdNo != null">
        #{anotherHolderIdNo,jdbcType=VARCHAR},
      </if>
      <if test="anotherHolderIdType != null">
      	#{anotherHolderIdType,jdbcType=VARCHAR},
      </if>
      <if test="anotherHolderName != null">
      	#{anotherHolderName,jdbcType=VARCHAR},
      </if>
      <if test="anotherHolderFlag2 != null">
      	#{anotherHolderFlag2,jdbcType=VARCHAR},
      </if>
    </trim>
  </insert>
  
  
  
  
  
  
  

  <insert id="insert" parameterType="com.sinosoft.service.business.db.vo.PaymentBranch">
    insert into PPAYMENTBRANCH (TRANSNO, ACCOUNTHOLDER, ACCBANKNAME, 
      BANKACCNO, BRANCH, AREAPROVINCE, 
      AREACITY,BANK,SUBBRANCH)
    values (#{transno,jdbcType=VARCHAR}, #{accountholder,jdbcType=VARCHAR}, #{accbankname,jdbcType=VARCHAR}, 
      #{bankaccno,jdbcType=VARCHAR}, #{branch,jdbcType=VARCHAR}, #{areaprovince,jdbcType=VARCHAR}, 
      #{areacity,jdbcType=VARCHAR},#{bank,jdbcType=VARCHAR},#{subbranch,jdbcType=VARCHAR})
  </insert>
  <insert id="insertSelective" parameterType="com.sinosoft.service.business.db.vo.PaymentBranch">
    insert into PPAYMENTBRANCH
    <trim prefix="(" suffix=")" suffixOverrides=",">
      <if test="transno != null">
        TRANSNO,
      </if>
      <if test="accountholder != null">
        ACCOUNTHOLDER,
      </if>
      <if test="accbankname != null">
        ACCBANKNAME,
      </if>
      <if test="bankaccno != null">
        BANKACCNO,
      </if>
      <if test="branch != null">
        BRANCH,
      </if>
      <if test="areaprovince != null">
        AREAPROVINCE,
      </if>
      <if test="areacity != null">
        AREACITY,
      </if>
      <if test="bank != null">
      	BANK,
      </if>
      <if test="subbranch != null">
      	SUBBRANCH,
      </if>
    </trim>
    <trim prefix="values (" suffix=")" suffixOverrides=",">
      <if test="transno != null">
        #{transno,jdbcType=VARCHAR},
      </if>
      <if test="accountholder != null">
        #{accountholder,jdbcType=VARCHAR},
      </if>
      <if test="accbankname != null">
        #{accbankname,jdbcType=VARCHAR},
      </if>
      <if test="bankaccno != null">
        #{bankaccno,jdbcType=VARCHAR},
      </if>
      <if test="branch != null">
        #{branch,jdbcType=VARCHAR},
      </if>
      <if test="areaprovince != null">
        #{areaprovince,jdbcType=VARCHAR},
      </if>
      <if test="areacity != null">
        #{areacity,jdbcType=VARCHAR},
      </if>
      <if test="bank != null">
      	#{bank,jdbcType=VARCHAR},
      </if>
      <if test="subbranch != null">
      	#{subbranch,jdbcType=VARCHAR},
      </if>
    </trim>
  </insert>
  <update id="updateByPrimaryKeySelective" parameterType="com.sinosoft.service.business.db.vo.PaymentBranch">
    update PPAYMENTBRANCH
    <set>
      <if test="accbankname != null">
        ACCBANKNAME = #{accbankname,jdbcType=VARCHAR},
      </if>
      <if test="bankaccno != null">
        BANKACCNO = #{bankaccno,jdbcType=VARCHAR},
      </if>
      <if test="branch != null">
        BRANCH = #{branch,jdbcType=VARCHAR},
      </if>
      <if test="areaprovince != null">
        AREAPROVINCE = #{areaprovince,jdbcType=VARCHAR},
      </if>
      <if test="areacity != null">
        AREACITY = #{areacity,jdbcType=VARCHAR},
      </if>
      <if test="bank != null">
      	BANK = #{bank,jdbcType=VARCHAR},
      </if>
      <if test="subbranch != null">
      	SUBBRANCH = #{subbranch,jdbcType=VARCHAR}
      </if>
    </set>
    where TRANSNO = #{transno,jdbcType=VARCHAR}
      and ACCOUNTHOLDER = #{accountholder,jdbcType=VARCHAR}
  </update>
  <update id="updateByPrimaryKey" parameterType="com.sinosoft.service.business.db.vo.PaymentBranch">
    update PPAYMENTBRANCH
    set ACCBANKNAME = #{accbankname,jdbcType=VARCHAR},
      BANKACCNO = #{bankaccno,jdbcType=VARCHAR},
      BRANCH = #{branch,jdbcType=VARCHAR},
      AREAPROVINCE = #{areaprovince,jdbcType=VARCHAR},
      AREACITY = #{areacity,jdbcType=VARCHAR},
      BANK = #{bank,jdbcType=VARCHAR},
      SUBBRANCH = #{subbranch,jdbcType=VARCHAR}
    where TRANSNO = #{transno,jdbcType=VARCHAR}
      and ACCOUNTHOLDER = #{accountholder,jdbcType=VARCHAR}
  </update>
  
   <!-- 批量插入 -->
  <insert id="batchInsert" parameterType="java.util.List" useGeneratedKeys="false">
      BEGIN  
     <foreach collection="list" item="item" separator=";">  
          insert into PPAYMENTBRANCH
    <trim prefix="(" suffix=")" suffixOverrides=",">
      <if test="item.transno != null">
        TRANSNO,
      </if>
      <if test="item.accountholder != null">
        ACCOUNTHOLDER,
      </if>
      <if test="item.accbankname != null">
        ACCBANKNAME,
      </if>
      <if test="item.bankaccno != null">
        BANKACCNO,
      </if>
      <if test="item.branch != null">
        BRANCH,
      </if>
      <if test="item.areaprovince != null">
        AREAPROVINCE,
      </if>
      <if test="item.areacity != null">
        AREACITY,
      </if>
      <if test="item.bank != null">
      	BANK,
      </if>
      <if test="item.subbranch != null">
      	SUBBRANCH,
      </if>
    </trim>
    <trim prefix="values (" suffix=")" suffixOverrides=",">
      <if test="item.transno != null">
        #{item.transno,jdbcType=VARCHAR},
      </if>
      <if test="item.accountholder != null">
        #{item.accountholder,jdbcType=VARCHAR},
      </if>
      <if test="item.accbankname != null">
        #{item.accbankname,jdbcType=VARCHAR},
      </if>
      <if test="item.bankaccno != null">
        #{item.bankaccno,jdbcType=VARCHAR},
      </if>
      <if test="item.branch != null">
        #{item.branch,jdbcType=VARCHAR},
      </if>
      <if test="item.areaprovince != null">
        #{item.areaprovince,jdbcType=VARCHAR},
      </if>
      <if test="item.areacity != null">
        #{item.areacity,jdbcType=VARCHAR},
      </if>
      <if test="item.bank != null">
      	#{bank,jdbcType=VARCHAR},
      </if>
      <if test="item.subbranch != null">
      	#{subbranch,jdbcType=VARCHAR},
      </if>
    </trim>
      </foreach>  
      ;END;  
  </insert>
  
  <!-- 查询年金 -->
  <select id="selectByTransno" parameterType="String" resultType="com.sinosoft.service.business.db.vo.PaymentBranch">
      select
      <include refid="Base_Column_List"/>
      from PPAYMENTBRANCH
      where TRANSNO = #{transno,jdbcType=VARCHAR}
  </select>
  
</mapper>