<?xml version="1.0" encoding="UTF-8"?>
<!DOCTYPE mapper PUBLIC "-//mybatis.org//DTD Mapper 3.0//EN" "http://mybatis.org/dtd/mybatis-3-mapper.dtd">
<mapper namespace="com.sinosoft.service.business.db.dao.PRiskReletionInsuredDao">
	<resultMap id="BaseResultMap" type="com.sinosoft.service.business.db.vo.RiskReletionInsuredVo">
    <id column="code" jdbcType="VARCHAR" property="code" />
    <result column="TRANSNO" jdbcType="VARCHAR" property="transno" />
    <result column="RISKCODE" jdbcType="VARCHAR" property="riskcode" />
    <result column="INSUID" jdbcType="VARCHAR" property="insuid" />
     <result column="otherinsuredid" jdbcType="VARCHAR" property="otherinsuredid" />  
  </resultMap>
  <sql id="Base_Column_List">
    transno,riskcode,insuid,otherinsuredid
  </sql>
  
  <delete id="deleteByTransno" parameterType="String">
    delete from priskreletioninsured
    where TRANSNO = #{transno,jdbcType=VARCHAR}
  </delete>
  
  <select id="SelectByPrimaryKey" parameterType="com.sinosoft.service.business.db.vo.RiskReletionInsuredVo" resultType="com.sinosoft.service.business.db.vo.RiskReletionInsuredVo">
  	select * from pRISKRELETIONINSURED where 1=1
	  <if test="transno != null and transno!=''">
      and  transno= #{transno,jdbcType=VARCHAR}
      </if>
      <if test="riskcode != null and riskcode!=''">
      and  riskcode= #{riskcode,jdbcType=VARCHAR}
      </if>
      <if test="insuid != null and insuid!=''">
      and  insuid = #{insuid,jdbcType=VARCHAR}
      </if>
      <if test="otherinsuredid != null and otherinsuredid !=''">
      and  otherinsuredid = #{otherinsuredid,jdbcType=VARCHAR}
      </if>
  </select>
  	
	<insert id="insert" parameterType="com.sinosoft.service.business.db.vo.RiskReletionInsuredVo">
		 insert into priskreletioninsured(transno,riskcode,insuid,otherinsuredid) 
		 values(#{transno,jdbcType=VARCHAR},#{riskcode,jdbcType=VARCHAR},#{insuid,jdbcType=VARCHAR},#{otherinsuredid,jdbcType=VARCHAR})
	</insert>

	<delete id="delete" parameterType="com.sinosoft.service.business.db.vo.RiskReletionInsuredVo">
 		delete from Priskreletioninsured where 1=1 
 		<if test="transno !=null and transno!=''">
 			and transno= #{transno,jdbcType=VARCHAR}
 		</if>
 		<if test="riskcode !=null and riskcode!=''">
 			and riskcode= #{riskcode,jdbcType=VARCHAR}
 		</if>
 		<if test="insuid !=null and insuid!=''">
 			and insuid= #{insuid,jdbcType=VARCHAR}
 		</if>
	</delete>
	
	<!-- 批量查询 -->
	<select id="batchSelect" resultType="com.sinosoft.service.business.db.vo.RiskReletionInsuredVo">
	    select
	    <include refid="Base_Column_List"/>
	    from Priskreletioninsured
	    where transno in
	    <foreach collection="list" index="index" item="transno" separator="," open="(" close=")">
		 #{transno}
		</foreach>
	</select>
	
	<!-- 批量插入 -->
	<insert id="batchInsert" parameterType="java.util.List" useGeneratedKeys="false">
	     BEGIN  
      <foreach collection="list" item="item" separator=";"> 
        insert into Priskreletioninsured
          <trim prefix="(" suffix=")" suffixOverrides=",">
              <if test="item.transno != null">
		        TRANSNO,
		      </if>
		      <if test="item.riskcode != null">
		        RISKCODE,
		      </if>
		      <if test="item.insuid != null">
		        INSUID,
		      </if>
		      <if test="item.otherinsuredid != null">
		        otherinsuredid,
		      </if>
          </trim>
          <trim prefix="values (" suffix=")" suffixOverrides=",">
		     <if test="item.transno != null">
		       #{item.transno,jdbcType=VARCHAR},
		     </if>
		     <if test="item.riskcode != null">
		       #{item.riskcode,jdbcType=VARCHAR},
		     </if>
		     <if test="item.insuid != null">
		       #{item.insuid,jdbcType=DATE},
		     </if>
		     <if test="item.otherinsuredid != null">
		       #{item.otherinsuredid,jdbcType=DATE},
		     </if>
		     
		   </trim>
      </foreach>
      ;END;
	</insert>

</mapper>