<?xml version="1.0" encoding="UTF-8"?>
<!DOCTYPE mapper PUBLIC "-//mybatis.org//DTD Mapper 3.0//EN" "http://mybatis.org/dtd/mybatis-3-mapper.dtd">
<mapper namespace="com.sinosoft.service.business.db.dao.PTAXTINMapper">
  <resultMap id="BaseResultMap" type="com.sinosoft.service.business.db.vo.TAXTIN">
    <id column="TRANSNO" jdbcType="VARCHAR" property="transno" />
    <id column="TAXCOUNTRY" jdbcType="VARCHAR" property="taxcountry" />
    <id column="IDNO" jdbcType="VARCHAR" property="idno" />
    <id column="IDTYPE" jdbcType="VARCHAR" property="idtype" />
    <id column="INFOTYPE" jdbcType="VARCHAR" property="infotype" />
    <result column="TAXTIN" jdbcType="VARCHAR" property="taxtin" />
    <result column="TAXTINFLAG" jdbcType="VARCHAR" property="taxtinflag" />
    <result column="NOTINREASONFLAG" jdbcType="VARCHAR" property="notinreasonflag" />
    <result column="NOTINREASON" jdbcType="VARCHAR" property="notinreason" />
    <result column="TAXORDER" jdbcType="INTEGER" property="taxorder" />
  </resultMap>
  <sql id="Base_Column_List">
    TRANSNO, TAXCOUNTRY, IDNO, IDTYPE, TAXTIN, TAXTINFLAG, NOTINREASONFLAG, NOTINREASON, 
    INFOTYPE, TAXORDER
  </sql>
  <select id="selectByPrimaryKey" parameterType="com.sinosoft.service.business.db.vo.TAXTINKey" resultMap="BaseResultMap">
    select 
    <include refid="Base_Column_List" />
    from PTAXTIN
    where TRANSNO = #{transno,jdbcType=VARCHAR}
      and TAXCOUNTRY = #{taxcountry,jdbcType=VARCHAR}
      and IDNO = #{idno,jdbcType=VARCHAR}
      and INFOTYPE = #{infotype,jdbcType=VARCHAR}
      and IDTYPE = #{idtype,jdbcType=VARCHAR}
  </select>
  <select id="selectByPrimaryKeyWithOutCountry" parameterType="com.sinosoft.service.business.db.vo.TAXTINKey" resultMap="BaseResultMap">
    select 
    <include refid="Base_Column_List" />
    from pTAXTIN
    where TRANSNO = #{transno,jdbcType=VARCHAR}
   	  and INFOTYPE = #{infotype,jdbcType=VARCHAR}
      and IDNO = #{idno,jdbcType=VARCHAR}
      and IDTYPE = #{idtype,jdbcType=VARCHAR} order by taxorder
  </select>
  <delete id="deleteByPrimaryKey" parameterType="com.sinosoft.service.business.db.vo.TAXTINKey">
    delete from PTAXTIN
    where TRANSNO = #{transno,jdbcType=VARCHAR}
      and TAXCOUNTRY = #{taxcountry,jdbcType=VARCHAR}
      and INFOTYPE = #{infotype,jdbcType=VARCHAR}
      and IDNO = #{idno,jdbcType=VARCHAR}
      and IDTYPE = #{idtype,jdbcType=VARCHAR}
  </delete>
    <delete id="deleteByPrimaryKeyWithOutCountry" parameterType="com.sinosoft.service.business.db.vo.TAXTINKey">
    delete from pTAXTIN
    where TRANSNO = #{transno,jdbcType=VARCHAR}
    	and INFOTYPE = #{infotype,jdbcType=VARCHAR}
      and IDNO = #{idno,jdbcType=VARCHAR}
      and IDTYPE = #{idtype,jdbcType=VARCHAR}
  </delete>
    <delete id="deleteByTransno" parameterType="String">
    delete from pTAXTIN
    where TRANSNO = #{transno,jdbcType=VARCHAR}
 
  </delete>
  <insert id="insert" parameterType="com.sinosoft.service.business.db.vo.TAXTIN">
    insert into pTAXTIN (TRANSNO, TAXCOUNTRY, IDNO, 
      IDTYPE, TAXTIN, TAXTINFLAG, 
      NOTINREASONFLAG, NOTINREASON, INFOTYPE, 
      TAXORDER)
    values (#{transno,jdbcType=VARCHAR}, #{taxcountry,jdbcType=VARCHAR}, #{idno,jdbcType=VARCHAR}, 
      #{idtype,jdbcType=VARCHAR}, #{taxtin,jdbcType=VARCHAR}, #{taxtinflag,jdbcType=VARCHAR}, 
      #{notinreasonflag,jdbcType=VARCHAR}, #{notinreason,jdbcType=VARCHAR}, #{infotype,jdbcType=VARCHAR}, 
      #{taxorder,jdbcType=DECIMAL})
  </insert>
  <insert id="insertSelective" parameterType="com.sinosoft.service.business.db.vo.TAXTIN">
    insert into TAXTIN
    <trim prefix="(" suffix=")" suffixOverrides=",">
      <if test="transno != null">
        TRANSNO,
      </if>
      <if test="taxcountry != null">
        TAXCOUNTRY,
      </if>
      <if test="idno != null">
        IDNO,
      </if>
      <if test="idtype != null">
        IDTYPE,
      </if>
      <if test="taxtin != null">
        TAXTIN,
      </if>
      <if test="taxtinflag != null">
        TAXTINFLAG,
      </if>
      <if test="notinreasonflag != null">
        NOTINREASONFLAG,
      </if>
      <if test="notinreason != null">
        NOTINREASON,
      </if>
      <if test="infotype != null">
        INFOTYPE,
      </if>
      <if test="taxorder != null">
        TAXORDER,
      </if>
    </trim>
    <trim prefix="values (" suffix=")" suffixOverrides=",">
      <if test="transno != null">
        #{transno,jdbcType=VARCHAR},
      </if>
      <if test="taxcountry != null">
        #{taxcountry,jdbcType=VARCHAR},
      </if>
      <if test="idno != null">
        #{idno,jdbcType=VARCHAR},
      </if>
      <if test="idtype != null">
        #{idtype,jdbcType=VARCHAR},
      </if>
      <if test="taxtin != null">
        #{taxtin,jdbcType=VARCHAR},
      </if>
      <if test="taxtinflag != null">
        #{taxtinflag,jdbcType=VARCHAR},
      </if>
      <if test="notinreasonflag != null">
        #{notinreasonflag,jdbcType=VARCHAR},
      </if>
      <if test="notinreason != null">
        #{notinreason,jdbcType=VARCHAR},
      </if>
      <if test="infotype != null">
        #{infotype,jdbcType=VARCHAR},
      </if>
      <if test="taxorder != null">
        #{taxorder,jdbcType=DECIMAL},
      </if>
    </trim>
  </insert>
  <update id="updateByPrimaryKeySelective" parameterType="com.sinosoft.service.business.db.vo.TAXTIN">
    update TAXTIN
    <set>
      <if test="taxtin != null">
        TAXTIN = #{taxtin,jdbcType=VARCHAR},
      </if>
      <if test="taxtinflag != null">
        TAXTINFLAG = #{taxtinflag,jdbcType=VARCHAR},
      </if>
      <if test="notinreasonflag != null">
        NOTINREASONFLAG = #{notinreasonflag,jdbcType=VARCHAR},
      </if>
      <if test="notinreason != null">
        NOTINREASON = #{notinreason,jdbcType=VARCHAR},
      </if>

      <if test="taxorder != null">
        TAXORDER = #{taxorder,jdbcType=DECIMAL},
      </if>
    </set>
    where TRANSNO = #{transno,jdbcType=VARCHAR}
      and TAXCOUNTRY = #{taxcountry,jdbcType=VARCHAR}
      and IDNO = #{idno,jdbcType=VARCHAR}
      and IDTYPE = #{idtype,jdbcType=VARCHAR}
      and  INFOTYPE = #{infotype,jdbcType=VARCHAR}
  </update>
  
  <!-- 根据交易流水号查询 -->
  <select id="selectByTransno" resultMap="BaseResultMap">
     select 
     <include refid="Base_Column_List"/>
     from PTAXTIN
     where TRANSNO = #{transno,jdbcType=VARCHAR}
  </select>
  
  <!-- 批量插入 -->
  <insert id="batchInsert" parameterType="java.util.List" useGeneratedKeys="false">
         BEGIN  
      <foreach collection="list" item="item" separator=";"> 
           insert into PTAXTIN
		   <trim prefix="(" suffix=")" suffixOverrides=",">
		     <if test="item.transno != null">
		       TRANSNO,
		     </if>
		     <if test="item.taxcountry != null">
		       TAXCOUNTRY,
		     </if>
		     <if test="item.idno != null">
		       IDNO,
		     </if>
		     <if test="item.idtype != null">
		       IDTYPE,
		     </if>
		     <if test="item.taxtin != null">
		       TAXTIN,
		     </if>
		     <if test="item.taxtinflag != null">
		       TAXTINFLAG,
		     </if>
		     <if test="item.notinreasonflag != null">
		       NOTINREASONFLAG,
		     </if>
		     <if test="item.notinreason != null">
		       NOTINREASON,
		     </if>
		     <if test="item.infotype != null">
		       INFOTYPE,
		     </if>
		     <if test="item.taxorder != null">
		       TAXORDER,
		     </if>
		   </trim>
		   <trim prefix="values (" suffix=")" suffixOverrides=",">
		     <if test="item.transno != null">
		       #{item.transno,jdbcType=VARCHAR},
		     </if>
		     <if test="item.taxcountry != null">
		       #{item.taxcountry,jdbcType=VARCHAR},
		     </if>
		     <if test="item.idno != null">
		       #{item.idno,jdbcType=VARCHAR},
		     </if>
		     <if test="item.idtype != null">
		       #{item.idtype,jdbcType=VARCHAR},
		     </if>
		     <if test="item.taxtin != null">
		       #{item.taxtin,jdbcType=VARCHAR},
		     </if>
		     <if test="item.taxtinflag != null">
		       #{item.taxtinflag,jdbcType=VARCHAR},
		     </if>
		     <if test="item.notinreasonflag != null">
		       #{item.notinreasonflag,jdbcType=VARCHAR},
		     </if>
		     <if test="item.notinreason != null">
		       #{item.notinreason,jdbcType=VARCHAR},
		     </if>
		     <if test="item.infotype != null">
		       #{item.infotype,jdbcType=VARCHAR},
		     </if>
		     <if test="item.taxorder != null">
		       #{item.taxorder,jdbcType=DECIMAL},
		     </if>
		   </trim>
      </foreach>
      ;END;
  </insert>
  
  <update id="updateByPrimaryKey" parameterType="com.sinosoft.service.business.db.vo.TAXTIN">
    update TAXTIN
    set TAXTIN = #{taxtin,jdbcType=VARCHAR},
      TAXTINFLAG = #{taxtinflag,jdbcType=VARCHAR},
      NOTINREASONFLAG = #{notinreasonflag,jdbcType=VARCHAR},
      NOTINREASON = #{notinreason,jdbcType=VARCHAR},
      TAXORDER = #{taxorder,jdbcType=DECIMAL}
    where TRANSNO = #{transno,jdbcType=VARCHAR}
      and TAXCOUNTRY = #{taxcountry,jdbcType=VARCHAR}
      and IDNO = #{idno,jdbcType=VARCHAR}
      and IDTYPE = #{idtype,jdbcType=VARCHAR}
      and INFOTYPE = #{infotype,jdbcType=VARCHAR}
  </update>
</mapper>