<?xml version="1.0" encoding="UTF-8"?>
<!DOCTYPE mapper PUBLIC "-//mybatis.org//DTD Mapper 3.0//EN" "http://mybatis.org/dtd/mybatis-3-mapper.dtd">
<mapper namespace="com.sinosoft.service.business.db.dao.PTaxinInfoPALIMapper">
  <resultMap id="BaseResultMap" type="com.sinosoft.service.business.db.vo.TaxinInfo">
    <id column="TRANSNO" jdbcType="VARCHAR" property="transno" />
    <result column="FAMILYNAME" jdbcType="VARCHAR" property="familyname" />
    <result column="NAME" jdbcType="VARCHAR" property="name" />
    <result column="HOMECOUNTRY" jdbcType="VARCHAR" property="homecountry" />
    <result column="HOMEPROVINCE" jdbcType="VARCHAR" property="homeprovince" />
    <result column="HOMECITY" jdbcType="VARCHAR" property="homecity" />
    <result column="HOMETAILS" jdbcType="VARCHAR" property="hometails" />
    <result column="BIRTHCOUNTRY" jdbcType="VARCHAR" property="birthcountry" />
    <result column="BIRTHPROVINCE" jdbcType="VARCHAR" property="birthprovince" />
    <result column="BIRTHCITY" jdbcType="VARCHAR" property="birthcity" />
    <result column="BIRTHDETAILS" jdbcType="VARCHAR" property="birthdetails" />
    <result column="TAXINADDRESSSDIFF" jdbcType="VARCHAR" property="taxinaddresssdiff" />
    <result column="ZHONGPROVINCE" jdbcType="VARCHAR" property="zhongprovince" />
    <result column="ZHONGCITY" jdbcType="VARCHAR" property="zhongcity" />
    <result column="ZHONGCOUNTRY" jdbcType="VARCHAR" property="zhongcountry" />
    <result column="ZHONGDETAILS" jdbcType="VARCHAR" property="zhongdetails" />
    <result column="HOMEFLAG1" jdbcType="VARCHAR" property="homeflag1" />
    <result column="HOMEFLAG" jdbcType="VARCHAR" property="homeflag" />
    <result column="BIRTHDAY" jdbcType="TIMESTAMP" property="birthday" />
    <result column="NOWCOUNTRY" jdbcType="VARCHAR" property="nowcountry" />
    <result column="NOWPROVINCE" jdbcType="VARCHAR" property="nowprovince" />
    <result column="NOWCITY" jdbcType="VARCHAR" property="nowcity" />
    <result column="NOWDETAILS" jdbcType="VARCHAR" property="nowdetails" />
    <result column="ZHONGCOUNTRY2" jdbcType="VARCHAR" property="zhongcountry2" />
     <result column="HOMECOUNTRY2" jdbcType="VARCHAR" property="homecountry2" />  
      <result column="BIRTHCOUNTRY2" jdbcType="VARCHAR" property="birthcountry2" />
      <result column="TAXINFOTYPE" jdbcType="VARCHAR" property="taxinfotype" />
    </resultMap>
  <sql id="Base_Column_List">
    TRANSNO, FAMILYNAME, NAME, HOMECOUNTRY, HOMEPROVINCE, HOMECITY, HOMETAILS, BIRTHCOUNTRY, 
    BIRTHPROVINCE, BIRTHCITY, BIRTHDETAILS, TAXINADDRESSSDIFF,ZHONGCOUNTRY,ZHONGPROVINCE,ZHONGCITY,ZHONGDETAILS,HOMEFLAG1,HOMEFLAG,
    BIRTHDAY,NOWCOUNTRY,NOWPROVINCE,NOWCITY,NOWDETAILS,ZHONGCOUNTRY2,HOMECOUNTRY2,BIRTHCOUNTRY2,TAXINFOTYPE
  </sql>
  <select id="selectByPrimaryKey" parameterType="java.lang.String" resultMap="BaseResultMap">
    select 
    <include refid="Base_Column_List" />
    from TAXININFOPALI
    where TRANSNO = #{transno,jdbcType=VARCHAR}
  </select>
  <select id="selectByType" parameterType="com.sinosoft.service.business.db.vo.TAXINFOKey" resultMap="BaseResultMap">
    select 
    <include refid="Base_Column_List" />
    from PTAXININFOPALI
    where TRANSNO = #{transno,jdbcType=VARCHAR} and TAXINFOTYPE=#{infotype,jdbcType=VARCHAR}
  </select>
  <delete id="deleteByPrimaryKey" parameterType="java.lang.String">
    delete from PTAXININFOPALI 
    where TRANSNO = #{transno,jdbcType=VARCHAR}
  </delete>
  <insert id="insert" parameterType="com.sinosoft.service.business.db.vo.TaxinInfo">
    insert into TAXININFOPALI (TRANSNO, FAMILYNAME, NAME, 
      HOMECOUNTRY, HOMEPROVINCE, HOMECITY, 
      HOMETAILS, BIRTHCOUNTRY, BIRTHPROVINCE, 
      BIRTHCITY, BIRTHDETAILS, TAXINADDRESSSDIFF
      )
    values (#{transno,jdbcType=VARCHAR}, #{familyname,jdbcType=VARCHAR}, #{name,jdbcType=VARCHAR}, 
      #{homecountry,jdbcType=VARCHAR}, #{homeprovince,jdbcType=VARCHAR}, #{homecity,jdbcType=VARCHAR}, 
      #{hometails,jdbcType=VARCHAR}, #{birthcountry,jdbcType=VARCHAR}, #{birthprovince,jdbcType=VARCHAR}, 
      #{birthcity,jdbcType=VARCHAR}, #{birthdetails,jdbcType=VARCHAR}, #{taxinaddresssdiff,jdbcType=VARCHAR}
      )
  </insert>
  <insert id="insertSelective" parameterType="com.sinosoft.service.business.db.vo.TaxinInfo">
    insert into PTAXININFOPALI
    <trim prefix="(" suffix=")" suffixOverrides=",">
      <if test="transno != null">
        TRANSNO,
      </if>
      <if test="familyname != null">
        FAMILYNAME,
      </if>
      <if test="name != null">
        NAME,
      </if>
      <if test="homecountry != null">
        HOMECOUNTRY,
      </if>
      <if test="homeprovince != null">
        HOMEPROVINCE,
      </if>
      <if test="homecity != null">
        HOMECITY,
      </if>
      <if test="hometails != null">
        HOMETAILS,
      </if>
      <if test="birthcountry != null">
        BIRTHCOUNTRY,
      </if>
      <if test="birthprovince != null">
        BIRTHPROVINCE,
      </if>
      <if test="birthcity != null">
        BIRTHCITY,
      </if>
      <if test="birthdetails != null">
        BIRTHDETAILS,
      </if>
      <if test="taxinaddresssdiff != null">
        TAXINADDRESSSDIFF,
      </if>
        <if test="zhongprovince != null">
        ZHONGPROVINCE,
      </if>
       <if test="zhongcity != null">
        ZHONGCITY,
      </if>
       <if test=" zhongcountry!= null">
        ZHONGCOUNTRY,
      </if>
       <if test="zhongdetails != null">
        ZHONGDETAILS,
      </if>
      <if test="homeflag1 != null">
        HOMEFLAG1,
      </if>
      <if test="homeflag != null">
        HOMEFLAG,
      </if>
      <if test="birthday != null">
        BIRTHDAY,
      </if>
      <if test="nowcountry != null">
        NOWCOUNTRY,
      </if>
      <if test="nowprovince != null">
        NOWPROVINCE,
      </if>
      <if test="nowcity != null">
        NOWCITY,
      </if>
      <if test="nowdetails != null">
        NOWDETAILS,
      </if>
      <if test="zhongcountry2 != null">
        ZHONGCOUNTRY2,
      </if>
      <if test="homecountry2 != null">
        HOMECOUNTRY2,
      </if>
      <if test="birthcountry2 != null">
        BIRTHCOUNTRY2,
      </if>
      <if test="taxinfotype != null">
        TAXINFOTYPE,
      </if>
    </trim>
    <trim prefix="values (" suffix=")" suffixOverrides=",">
      <if test="transno != null">
        #{transno,jdbcType=VARCHAR},
      </if>
      <if test="familyname != null">
        #{familyname,jdbcType=VARCHAR},
      </if>
      <if test="name != null">
        #{name,jdbcType=VARCHAR},
      </if>
      <if test="homecountry != null">
        #{homecountry,jdbcType=VARCHAR},
      </if>
      <if test="homeprovince != null">
        #{homeprovince,jdbcType=VARCHAR},
      </if>
      <if test="homecity != null">
        #{homecity,jdbcType=VARCHAR},
      </if>
      <if test="hometails != null">
        #{hometails,jdbcType=VARCHAR},
      </if>
      <if test="birthcountry != null">
        #{birthcountry,jdbcType=VARCHAR},
      </if>
      <if test="birthprovince != null">
        #{birthprovince,jdbcType=VARCHAR},
      </if>
      <if test="birthcity != null">
        #{birthcity,jdbcType=VARCHAR},
      </if>
      <if test="birthdetails != null">
        #{birthdetails,jdbcType=VARCHAR},
      </if>
       <if test="taxinaddresssdiff != null">
        #{taxinaddresssdiff,jdbcType=VARCHAR},
      </if>
       <if test="zhongprovince  != null">
        #{zhongprovince ,jdbcType=VARCHAR},
      </if>
      <if test="zhongcity != null">
        #{zhongcity,jdbcType=VARCHAR},
      </if>
      <if test="zhongcountry != null">
        #{zhongcountry,jdbcType=VARCHAR},
      </if>
      <if test="zhongdetails != null">
        #{zhongdetails,jdbcType=VARCHAR},
      </if>
      <if test="homeflag1 != null">
        #{homeflag1,jdbcType=VARCHAR},
      </if>
      <if test="homeflag != null">
        #{homeflag,jdbcType=VARCHAR},
      </if>
      <if test="birthday != null">
        #{birthday,jdbcType=TIMESTAMP},
      </if>
      <if test="nowcountry != null">
        #{nowcountry,jdbcType=VARCHAR},
      </if>
      <if test="nowprovince != null">
        #{nowprovince,jdbcType=VARCHAR},
      </if>
      <if test="nowcity != null">
        #{nowcity,jdbcType=VARCHAR},
      </if>
      <if test="nowdetails != null">
        #{nowdetails,jdbcType=VARCHAR},
      </if>
      <if test="zhongcountry2 != null">
        #{zhongcountry2,jdbcType=VARCHAR},
      </if>
      <if test="homecountry2 != null">
        #{homecountry2,jdbcType=VARCHAR},
      </if>
      <if test="birthcountry2 != null">
        #{birthcountry2,jdbcType=VARCHAR},
      </if>
      <if test="taxinfotype != null">
        #{taxinfotype,jdbcType=VARCHAR},
      </if>
    </trim>
  </insert>
  <update id="updateByPrimaryKeySelective" parameterType="com.sinosoft.service.business.db.vo.TaxinInfo">
    update TAXININFOPALI
    <set>
      <if test="familyname != null">
        FAMILYNAME = #{familyname,jdbcType=VARCHAR},
      </if>
      <if test="name != null">
        NAME = #{name,jdbcType=VARCHAR},
      </if>
      <if test="homecountry != null">
        HOMECOUNTRY = #{homecountry,jdbcType=VARCHAR},
      </if>
      <if test="homeprovince != null">
        HOMEPROVINCE = #{homeprovince,jdbcType=VARCHAR},
      </if>
      <if test="homecity != null">
        HOMECITY = #{homecity,jdbcType=VARCHAR},
      </if>
      <if test="hometails != null">
        HOMETAILS = #{hometails,jdbcType=VARCHAR},
      </if>
      <if test="birthcountry != null">
        BIRTHCOUNTRY = #{birthcountry,jdbcType=VARCHAR},
      </if>
      <if test="birthprovince != null">
        BIRTHPROVINCE = #{birthprovince,jdbcType=VARCHAR},
      </if>
      <if test="birthcity != null">
        BIRTHCITY = #{birthcity,jdbcType=VARCHAR},
      </if>
      <if test="birthdetails != null">
        BIRTHDETAILS = #{birthdetails,jdbcType=VARCHAR},
      </if>
      <if test="taxinaddresssdiff != null">
        TAXINADDRESSSDIFF = #{taxinaddresssdiff,jdbcType=VARCHAR},
      </if>
    </set>
    where TRANSNO = #{transno,jdbcType=VARCHAR}
  </update>
  <update id="updateByPrimaryKey" parameterType="com.sinosoft.service.business.db.vo.TaxinInfo">
    update TAXININFOPALI
    set FAMILYNAME = #{familyname,jdbcType=VARCHAR},
      NAME = #{name,jdbcType=VARCHAR},
      HOMECOUNTRY = #{homecountry,jdbcType=VARCHAR},
      HOMEPROVINCE = #{homeprovince,jdbcType=VARCHAR},
      HOMECITY = #{homecity,jdbcType=VARCHAR},
      HOMETAILS = #{hometails,jdbcType=VARCHAR},
      BIRTHCOUNTRY = #{birthcountry,jdbcType=VARCHAR},
      BIRTHPROVINCE = #{birthprovince,jdbcType=VARCHAR},
      BIRTHCITY = #{birthcity,jdbcType=VARCHAR},
      BIRTHDETAILS = #{birthdetails,jdbcType=VARCHAR},
      TAXINADDRESSSDIFF = #{taxinaddresssdiff,jdbcType=VARCHAR}
    where TRANSNO = #{transno,jdbcType=VARCHAR}
  </update>
</mapper>