<?xml version="1.0" encoding="UTF-8" ?>
<!DOCTYPE mapper PUBLIC "-//mybatis.org//DTD Mapper 3.0//EN" "http://mybatis.org/dtd/mybatis-3-mapper.dtd" >
<mapper namespace="com.sinosoft.service.business.db.dao.ThirdPartyAuthTransferMapper" >

  <resultMap id="BaseResultMap" type="com.sinosoft.service.business.db.vo.ThirdPartyAuthTransfer" >
    <id column="id" property="id" jdbcType="VARCHAR" />
    <result column="insuranceCom" property="insuranceCom" jdbcType="VARCHAR" />
    <result column="proposalContno" property="proposalContno" jdbcType="VARCHAR" />
    <result column="filePath" property="filePath" jdbcType="VARCHAR" />
    <result column="authorizationFlag" property="authorizationFlag" jdbcType="VARCHAR" />
    <result column="channel" property="channel" jdbcType="VARCHAR" />
    <result column="uploadFlag" property="uploadFlag" jdbcType="VARCHAR" />
    <result column="timesNo" property="timesNo" jdbcType="INTEGER" />
    <result column="uploadDate" property="uploadDate" jdbcType="TIMESTAMP" />
    <result column="uploadTime" property="uploadTime" jdbcType="VARCHAR" />
    <result column="modifyDate" property="modifyDate" jdbcType="TIMESTAMP" />
    <result column="modifyTime" property="modifyTime" jdbcType="VARCHAR" />
    <result column="transferPath" property="transferPath" jdbcType="VARCHAR" />
  </resultMap>
  
  <sql id="Base_Column_List" >
	id, insuranceCom, proposalContno, filePath, authorizationFlag, channel, uploadFlag, timesNo,
	uploadDate, uploadTime, modifyDate, modifyTime, transferPath
  </sql>
  
  <insert id="insert" parameterType="com.sinosoft.service.business.db.vo.ThirdPartyAuthTransfer" >
    INSERT INTO
    	ThirdPartyAuthTransfer 
    	(id, insuranceCom, proposalContno, filePath, 
    		authorizationFlag, channel, uploadFlag, timesNo, transferPath)
    VALUES
    	(#{id,jdbcType=VARCHAR}, #{insuranceCom,jdbcType=VARCHAR}, #{proposalContno,jdbcType=VARCHAR}, #{filePath,jdbcType=VARCHAR}, 
    		#{authorizationFlag,jdbcType=VARCHAR}, #{channel,jdbcType=VARCHAR}, #{uploadFlag,jdbcType=VARCHAR}, #{timesNo,jdbcType=INTEGER},
    		#{transferPath,jdbcType=VARCHAR})
  </insert>
  
  <insert id="insertAll" parameterType="com.sinosoft.service.business.db.vo.ThirdPartyAuthTransfer" >
    INSERT INTO
    	ThirdPartyAuthTransfer 
    	(id, insuranceCom, proposalContno, filePath, authorizationFlag, 
    		channel, uploadFlag, timesNo, uploadDate, uploadTime, transferPath)
    VALUES
    	(#{id,jdbcType=VARCHAR}, #{insuranceCom,jdbcType=VARCHAR}, #{proposalContno,jdbcType=VARCHAR},#{filePath,jdbcType=VARCHAR},
    	#{authorizationFlag,jdbcType=VARCHAR}, #{channel,jdbcType=VARCHAR},
    	#{uploadFlag,jdbcType=VARCHAR},#{timesNo,jdbcType=INTEGER},
    	#{uploadDate,jdbcType=TIMESTAMP},#{uploadTime,jdbcType=VARCHAR},#{transferPath,jdbcType=VARCHAR})
  </insert>
  
  <update id="updateUploadStatus" parameterType="com.sinosoft.service.business.db.vo.ThirdPartyAuthTransfer" >
    UPDATE 
    	ThirdPartyAuthTransfer
    SET 
    	<if test="modifyDate != null">
			modifyDate = #{modifyDate,jdbcType=TIMESTAMP},
    	</if>
    	<if test="modifyTime != null and modifyTime != ''">
			modifyTime = #{modifyTime,jdbcType=VARCHAR},
    	</if>
    	<if test="uploadDate != null">
			uploadDate = #{uploadDate,jdbcType=TIMESTAMP},
    	</if>
    	<if test="uploadTime != null and uploadTime != ''">
			uploadTime = #{uploadTime,jdbcType=VARCHAR},
    	</if>
    	<!-- <if test="filePath != null and filePath != ''">
			filePath = #{filePath,jdbcType=VARCHAR},
    	</if> -->
    	uploadFlag = #{uploadFlag,jdbcType=VARCHAR}
    WHERE
    	id = #{id,jdbcType=VARCHAR}
    AND
		proposalContno = #{proposalContno,jdbcType=VARCHAR}
  </update>
  
  <update id="updateTransmissionStatus" parameterType="com.sinosoft.service.business.db.vo.ThirdPartyAuthTransfer" >
    UPDATE 
    	ThirdPartyAuthTransfer
    SET 
    	<if test="timesNo != null and timesNo != ''">
			timesNo = #{timesNo,jdbcType=INTEGER},
    	</if>
		uploadFlag = #{uploadFlag,jdbcType=VARCHAR},
		modifyDate = #{modifyDate,jdbcType=TIMESTAMP},
		modifyTime = #{modifyTime,jdbcType=VARCHAR}
    WHERE
    	id = #{id,jdbcType=VARCHAR}
    AND
		proposalContno = #{proposalContno,jdbcType=VARCHAR}
  </update>
  
  
  <select id="findByProposalContno" resultMap="BaseResultMap" parameterType="java.lang.String" >
    SELECT 
    	<include refid="Base_Column_List" />
    FROM 
    	ThirdPartyAuthTransfer
    WHERE 
	    proposalContno = #{proposalContno,jdbcType=VARCHAR}
  </select>
  
  <delete id="deleteByProposalContno" parameterType="java.lang.String">
  	DELETE FROM 
    	ThirdPartyAuthTransfer
    WHERE 
    	id = #{id,jdbcType=VARCHAR}
    AND
	    proposalContno = #{proposalContno,jdbcType=VARCHAR}
  </delete>
  
  <select id="findByUploadFlag" resultMap="BaseResultMap" parameterType="java.lang.String" >
    SELECT 
    	<include refid="Base_Column_List" />
    FROM 
    	ThirdPartyAuthTransfer
    WHERE 
		uploadFlag in ('Y', 'F')
  </select>
  
  <select id="authUploadNoticeSelect" resultType="com.sinosoft.service.business.db.vo.ThirdPartyAuthTransfer">
    select * from ThirdPartyAuthTransfer t
     where 1=1
     and t.transferpath is not null
     and t.timesno &lt; 10
     and t.uploadFlag in('Y','F')
     and t.filepath is not null
     and t.insurancecom='ANZL'
     and t.channel not in('TP')
  </select>
  <select id="selectLccontParam" parameterType="java.lang.String" resultType="com.sinosoft.service.business.db.vo.LCContVo">
      select grpcontno,operator from lccont where proposalcontno=#{proposalcontno,jdbcType=VARCHAR}
      union all
      select customerno,salecode from lccontinfoili where proposalcontno=#{proposalcontno,jdbcType=VARCHAR}
  </select>
</mapper>