<?xml version="1.0" encoding="UTF-8" ?>
<!DOCTYPE mapper PUBLIC "-//mybatis.org//DTD Mapper 3.0//EN" "http://mybatis.org/dtd/mybatis-3-mapper.dtd" >
<mapper namespace="com.sinosoft.service.business.db.dao.ThirdPartyAuthorizationRecordMapper" >

  <resultMap id="BaseResultMap" type="com.sinosoft.service.business.db.vo.ThirdPartyAuthorizationRecordVo" >
    <id column="recordId" property="recordId" jdbcType="VARCHAR" />
    <result column="insuranceCom" property="insuranceCom" jdbcType="VARCHAR" />
    <result column="proposalContno" property="proposalContno" jdbcType="VARCHAR" />
    <result column="debitAccountNo" property="debitAccountNo" jdbcType="VARCHAR" />
    <result column="authorizationFlag" property="authorizationFlag" jdbcType="VARCHAR" />
    <result column="authorizationNo" property="authorizationNo" jdbcType="VARCHAR" />
    <result column="authorizationTime" property="authorizationTime" jdbcType="TIMESTAMP" />
    <result column="newestFlag" property="newestFlag" jdbcType="VARCHAR" /> 
    <result column="channel" property="channel" jdbcType="VARCHAR" />
    <result column="operatorId" property="operatorId" jdbcType="VARCHAR" />
    <result column="makeDate" property="makeDate" jdbcType="TIMESTAMP" />
    <result column="makeTime" property="makeTime" jdbcType="VARCHAR" />
    <result column="modifyDate" property="modifyDate" jdbcType="TIMESTAMP" />
    <result column="modifyTime" property="modifyTime" jdbcType="VARCHAR" />
  </resultMap>
  
  <sql id="Base_Column_List" >
    recordId, insuranceCom, proposalContno, debitAccountNo, authorizationFlag, authorizationNo, authorizationTime, 
    newestFlag, channel, operatorId, makeDate, makeTime, modifyDate, modifyTime
  </sql>
  
  <select id="findByParams" resultMap="BaseResultMap" parameterType="java.lang.String" >
    SELECT 
    	<include refid="Base_Column_List" />
    FROM 
    	ThirdPartyAuthorizationRecord
    WHERE 
	    proposalContno = #{proposalContno,jdbcType=VARCHAR}
	<if test="debitAccountNo != null and debitAccountNo != ''">
		AND debitAccountNo = #{debitAccountNo,jdbcType=VARCHAR}
	</if>
	<if test="newestFlag != null and newestFlag != ''">
		AND newestFlag = #{newestFlag,jdbcType=VARCHAR}
	</if>
	<if test="channel != null and channel != ''">
		AND channel = #{channel,jdbcType=VARCHAR}
	</if>
	ORDER BY
		authorizationTime DESC
  </select>
  
  <select id="findNewestRecordByParams" resultMap="BaseResultMap" parameterType="java.lang.String" >
    SELECT 
    	<include refid="Base_Column_List" />
    FROM 
    	ThirdPartyAuthorizationRecord
    WHERE 
	    proposalContno = #{proposalContno,jdbcType=VARCHAR}
	AND 
		debitAccountNo = #{debitAccountNo,jdbcType=VARCHAR}
	AND 
		newestFlag = 'Y'
  </select>
  
  <insert id="insert" parameterType="com.sinosoft.service.business.db.vo.ThirdPartyAuthorizationRecordVo" >
    INSERT INTO
    	ThirdPartyAuthorizationRecord 
    	(recordId, insuranceCom, proposalContno, debitAccountNo, authorizationFlag, authorizationNo, 
    	 authorizationTime, newestFlag, channel, operatorId, 
    	 makeDate, makeTime)
    VALUES
    	(#{recordId,jdbcType=VARCHAR},#{insuranceCom,jdbcType=VARCHAR},#{proposalContno,jdbcType=VARCHAR},#{debitAccountNo,jdbcType=VARCHAR},
    	#{authorizationFlag,jdbcType=VARCHAR},#{authorizationNo,jdbcType=VARCHAR},
    	#{authorizationTime,jdbcType=TIMESTAMP},#{newestFlag,jdbcType=VARCHAR},#{channel,jdbcType=VARCHAR},#{operatorId,jdbcType=VARCHAR},
    	#{makeDate,jdbcType=TIMESTAMP},#{makeTime,jdbcType=VARCHAR})
  </insert>
  
  
  <update id="updateNewestFlag" parameterType="com.sinosoft.service.business.db.vo.ThirdPartyAuthorizationRecordVo" >
    UPDATE 
    	ThirdPartyAuthorizationRecord
    SET 
    	<if test="operatorId != null and operatorId != ''">
			operatorId = #{operatorId,jdbcType=VARCHAR},
    	</if>
    	newestFlag = #{newestFlag,jdbcType=VARCHAR},
		modifyDate = #{modifyDate,jdbcType=TIMESTAMP},
		modifyTime = #{modifyTime,jdbcType=VARCHAR}
    WHERE
		proposalContno = #{proposalContno,jdbcType=VARCHAR}
	AND 
		debitAccountNo = #{debitAccountNo,jdbcType=VARCHAR}
	AND 
		authorizationNo = #{authorizationNo,jdbcType=VARCHAR}
	AND 
		recordId = #{recordId,jdbcType=VARCHAR}
  </update>

  <select id="selectThirdPartyAuthLcappnt" resultType="com.sinosoft.service.business.db.vo.LCAppntVo">
	  select b.appntname,b.idno,b.idtype from lccont a
	  left join lcappnt b
	  on a.transno=b.transno
	  where a.contno=#{contno,jdbcType=VARCHAR}
  </select>

	<select id="selectByParms" resultType="com.sinosoft.service.business.db.vo.ThirdPartyAuthorizationRecordVo" parameterType="com.sinosoft.service.business.db.vo.LCContVo">
		select * from ThirdPartyAuthorizationRecord
        where newestFlag='Y'
		and proposalContno=#{proposalcontno,jdbcType=VARCHAR}
		and	debitAccountNo=#{bankaccno,jdbcType=VARCHAR}
	</select>
</mapper>